data;ora;rad;T;elevazione;;;media;dev std;
19/01/2023;02:30:00.092;3599;40.29;20;;;3675,96961;104,7414032;
19/01/2023;02:30:00.301;3603;40.29;20;;;;;
19/01/2023;02:30:00.508;3601;40.26;20;;;;;
19/01/2023;02:30:00.715;3601;40.26;20;;;;;
19/01/2023;02:30:00.925;3587;40.26;20;;;;;
19/01/2023;02:30:01.134;3595;40.26;20;;;;;
19/01/2023;02:30:01.342;3577;40.26;20;;;;;
19/01/2023;02:30:01.543;3583;40.26;20;;;;;
19/01/2023;02:30:01.752;3592;40.26;20;;;;;
19/01/2023;02:30:01.964;3613;40.26;20;;;;;
19/01/2023;02:30:02.173;3594;40.26;20;;;;;
19/01/2023;02:30:02.391;3586;40.26;20;;;;;
19/01/2023;02:30:02.605;3571;40.26;20;;;;;
19/01/2023;02:30:02.813;3555;40.26;20;;;;;
19/01/2023;02:30:02.979;3576;40.26;20;;;;;
19/01/2023;02:30:03.183;3581;40.26;20;;;;;
19/01/2023;02:30:03.390;3587;40.26;20;;;;;
19/01/2023;02:30:03.599;3566;40.26;20;;;;;
19/01/2023;02:30:03.806;3572;40.26;20;;;;;
19/01/2023;02:30:04.015;3568;40.26;20;;;;;
19/01/2023;02:30:04.222;3575;40.26;20;;;;;
19/01/2023;02:30:04.431;3577;40.26;20;;;;;
19/01/2023;02:30:04.640;3559;40.22;20;;;;;
19/01/2023;02:30:04.842;3568;40.22;20;;;;;
19/01/2023;02:30:05.055;3575;40.22;20;;;;;
19/01/2023;02:30:05.264;3570;40.22;20;;;;;
19/01/2023;02:30:05.472;3565;40.22;20;;;;;
19/01/2023;02:30:05.680;3576;40.22;20;;;;;
19/01/2023;02:30:05.883;3576;40.22;20;;;;;
19/01/2023;02:30:06.095;3584;40.22;20;;;;;
19/01/2023;02:30:06.303;3575;40.22;20;;;;;
19/01/2023;02:30:06.522;3567;40.22;20;;;;;
19/01/2023;02:30:06.736;3562;40.22;20;;;;;
19/01/2023;02:30:06.900;3579;40.22;20;;;;;
19/01/2023;02:30:07.104;3597;40.22;20;;;;;
19/01/2023;02:30:07.311;3579;40.22;20;;;;;
19/01/2023;02:30:07.521;3591;40.22;20;;;;;
19/01/2023;02:30:07.728;3574;40.22;20;;;;;
19/01/2023;02:30:07.935;3564;40.22;20;;;;;
19/01/2023;02:30:08.139;3585;40.22;20;;;;;
19/01/2023;02:30:08.352;3595;40.22;20;;;;;
19/01/2023;02:30:08.560;3602;40.22;20;;;;;
19/01/2023;02:30:08.764;3582;40.22;20;;;;;
19/01/2023;02:30:08.977;3572;40.22;20;;;;;
19/01/2023;02:30:09.184;3572;40.22;20;;;;;
19/01/2023;02:30:09.393;3556;40.22;20;;;;;
19/01/2023;02:30:09.601;3540;40.22;20;;;;;
19/01/2023;02:30:09.810;3559;40.22;20;;;;;
19/01/2023;02:30:10.018;3545;40.22;20;;;;;
19/01/2023;02:30:10.225;3547;40.22;20;;;;;
19/01/2023;02:30:10.433;3561;40.22;20;;;;;
19/01/2023;02:30:10.652;3569;40.22;20;;;;;
19/01/2023;02:30:10.865;3561;40.22;20;;;;;
19/01/2023;02:30:11.026;3599;40.22;20;;;;;
19/01/2023;02:30:11.234;3580;40.22;20;;;;;
19/01/2023;02:30:11.442;3584;40.22;20;;;;;
19/01/2023;02:30:11.650;3601;40.22;20;;;;;
19/01/2023;02:30:11.856;3608;40.22;20;;;;;
19/01/2023;02:30:12.065;3610;40.22;20;;;;;
19/01/2023;02:30:12.274;3618;40.22;20;;;;;
19/01/2023;02:30:12.482;3603;40.22;20;;;;;
19/01/2023;02:30:12.684;3621;40.22;20;;;;;
19/01/2023;02:30:12.893;3625;40.22;20;;;;;
19/01/2023;02:30:13.107;3630;40.22;20;;;;;
19/01/2023;02:30:13.314;3627;40.22;20;;;;;
19/01/2023;02:30:13.523;3605;40.22;20;;;;;
19/01/2023;02:30:13.731;3614;40.22;20;;;;;
19/01/2023;02:30:13.939;3609;40.22;20;;;;;
19/01/2023;02:30:14.147;3622;40.22;20;;;;;
19/01/2023;02:30:14.355;3612;40.22;20;;;;;
19/01/2023;02:30:14.563;3651;40.22;20;;;;;
19/01/2023;02:30:14.783;3604;40.22;20;;;;;
19/01/2023;02:30:14.947;3607;40.22;20;;;;;
19/01/2023;02:30:15.155;3600;40.22;20;;;;;
19/01/2023;02:30:15.363;3612;40.22;20;;;;;
19/01/2023;02:30:15.572;3601;40.22;20;;;;;
19/01/2023;02:30:15.780;3604;40.22;20;;;;;
19/01/2023;02:30:15.988;3590;40.22;20;;;;;
19/01/2023;02:30:16.197;3587;40.22;20;;;;;
19/01/2023;02:30:16.404;3571;40.22;20;;;;;
19/01/2023;02:30:16.607;3559;40.22;20;;;;;
19/01/2023;02:30:16.804;3569;40.22;20;;;;;
19/01/2023;02:30:17.023;3563;40.22;20;;;;;
19/01/2023;02:30:17.236;3560;40.22;20;;;;;
19/01/2023;02:30:17.444;3579;40.22;20;;;;;
19/01/2023;02:30:17.653;3560;40.22;20;;;;;
19/01/2023;02:30:17.862;3572;40.22;20;;;;;
19/01/2023;02:30:18.083;3579;40.22;20;;;;;
19/01/2023;02:30:18.293;3589;40.26;20;;;;;
19/01/2023;02:30:18.484;3579;40.26;20;;;;;
19/01/2023;02:30:18.693;3562;40.26;20;;;;;
19/01/2023;02:30:18.912;3572;40.26;20;;;;;
19/01/2023;02:30:19.078;3576;40.26;20;;;;;
19/01/2023;02:30:19.284;3565;40.26;20;;;;;
19/01/2023;02:30:19.493;3569;40.26;20;;;;;
19/01/2023;02:30:19.702;3584;40.26;20;;;;;
19/01/2023;02:30:19.910;3568;40.26;20;;;;;
19/01/2023;02:30:20.118;3579;40.26;20;;;;;
19/01/2023;02:30:20.325;3586;40.26;20;;;;;
19/01/2023;02:30:20.526;3575;40.26;20;;;;;
19/01/2023;02:30:20.726;3568;40.26;20;;;;;
19/01/2023;02:30:20.933;3582;40.26;20;;;;;
19/01/2023;02:30:21.151;3595;40.26;20;;;;;
19/01/2023;02:30:21.366;3592;40.26;20;;;;;
19/01/2023;02:30:21.576;3606;40.26;20;;;;;
19/01/2023;02:30:21.783;3589;40.26;20;;;;;
19/01/2023;02:30:21.990;3606;40.26;20;;;;;
19/01/2023;02:30:22.198;3600;40.29;20;;;;;
19/01/2023;02:30:22.407;3590;40.29;20;;;;;
19/01/2023;02:30:22.616;3593;40.29;20;;;;;
19/01/2023;02:30:22.823;3585;40.29;20;;;;;
19/01/2023;02:30:23.000;3598;40.29;20;;;;;
19/01/2023;02:30:23.209;3610;40.29;20;;;;;
19/01/2023;02:30:23.417;3623;40.29;20;;;;;
19/01/2023;02:30:23.624;3611;40.29;20;;;;;
19/01/2023;02:30:23.832;3608;40.29;20;;;;;
19/01/2023;02:30:24.041;3593;40.29;20;;;;;
19/01/2023;02:30:24.248;3595;40.29;20;;;;;
19/01/2023;02:30:24.447;3583;40.29;20;;;;;
19/01/2023;02:30:24.648;3580;40.29;20;;;;;
19/01/2023;02:30:24.856;3576;40.29;20;;;;;
19/01/2023;02:30:25.064;3594;40.29;20;;;;;
19/01/2023;02:30:25.273;3573;40.29;20;;;;;
19/01/2023;02:30:25.489;3575;40.32;20;;;;;
19/01/2023;02:30:25.706;3591;40.32;20;;;;;
19/01/2023;02:30:25.913;3572;40.32;20;;;;;
19/01/2023;02:30:26.122;3572;40.32;20;;;;;
19/01/2023;02:30:26.331;3578;40.32;20;;;;;
19/01/2023;02:30:26.537;3569;40.32;20;;;;;
19/01/2023;02:30:26.746;3563;40.32;20;;;;;
19/01/2023;02:30:26.954;3567;40.32;20;;;;;
19/01/2023;02:30:27.129;3555;40.32;20;;;;;
19/01/2023;02:30:27.339;3550;40.32;20;;;;;
19/01/2023;02:30:27.547;3552;40.32;20;;;;;
19/01/2023;02:30:27.754;3548;40.32;20;;;;;
19/01/2023;02:30:27.962;3543;40.32;20;;;;;
19/01/2023;02:30:28.168;3530;40.32;20;;;;;
19/01/2023;02:30:28.367;3517;40.32;20;;;;;
19/01/2023;02:30:28.571;3522;40.32;20;;;;;
19/01/2023;02:30:28.779;3511;40.32;20;;;;;
19/01/2023;02:30:28.986;3519;40.32;20;;;;;
19/01/2023;02:30:29.195;3517;40.32;20;;;;;
19/01/2023;02:30:29.402;3551;40.32;20;;;;;
19/01/2023;02:30:29.617;3538;40.32;20;;;;;
19/01/2023;02:30:29.834;3538;40.32;20;;;;;
19/01/2023;02:30:30.044;3540;40.32;20;;;;;
19/01/2023;02:30:30.252;3527;40.32;20;;;;;
19/01/2023;02:30:30.460;3527;40.32;20;;;;;
19/01/2023;02:30:30.668;3531;40.35;20;;;;;
19/01/2023;02:30:30.875;3551;40.32;20;;;;;
19/01/2023;02:30:31.084;3522;40.32;20;;;;;
19/01/2023;02:30:31.260;3547;40.32;20;;;;;
19/01/2023;02:30:31.468;3542;40.35;20;;;;;
19/01/2023;02:30:31.676;3565;40.35;20;;;;;
19/01/2023;02:30:31.884;3555;40.35;20;;;;;
19/01/2023;02:30:32.089;3533;40.35;20;;;;;
19/01/2023;02:30:32.285;3554;40.35;20;;;;;
19/01/2023;02:30:32.493;3548;40.35;20;;;;;
19/01/2023;02:30:32.700;3581;40.35;20;;;;;
19/01/2023;02:30:32.909;3571;40.35;20;;;;;
19/01/2023;02:30:33.116;3556;40.35;20;;;;;
19/01/2023;02:30:33.324;3572;40.35;20;;;;;
19/01/2023;02:30:33.534;3567;40.35;20;;;;;
19/01/2023;02:30:33.741;3566;40.35;20;;;;;
19/01/2023;02:30:33.957;3566;40.35;20;;;;;
19/01/2023;02:30:34.172;3571;40.35;20;;;;;
19/01/2023;02:30:34.383;3549;40.35;20;;;;;
19/01/2023;02:30:34.591;3569;40.35;20;;;;;
19/01/2023;02:30:34.799;3565;40.35;20;;;;;
19/01/2023;02:30:35.007;3584;40.35;20;;;;;
19/01/2023;02:30:35.215;3563;40.35;20;;;;;
19/01/2023;02:30:35.390;3567;40.35;20;;;;;
19/01/2023;02:30:35.598;3575;40.35;20;;;;;
19/01/2023;02:30:35.802;3584;40.38;20;;;;;
19/01/2023;02:30:36.006;3581;40.38;20;;;;;
19/01/2023;02:30:36.206;3607;40.38;20;;;;;
19/01/2023;02:30:36.415;3570;40.35;20;;;;;
19/01/2023;02:30:36.624;3569;40.38;20;;;;;
19/01/2023;02:30:36.832;3573;40.38;20;;;;;
19/01/2023;02:30:37.040;3586;40.38;20;;;;;
19/01/2023;02:30:37.248;3590;40.38;20;;;;;
19/01/2023;02:30:37.457;3562;40.38;20;;;;;
19/01/2023;02:30:37.664;3573;40.38;20;;;;;
19/01/2023;02:30:37.873;3579;40.38;20;;;;;
19/01/2023;02:30:38.081;3570;40.38;20;;;;;
19/01/2023;02:30:38.300;3597;40.38;20;;;;;
19/01/2023;02:30:38.514;3587;40.38;20;;;;;
19/01/2023;02:30:38.722;3577;40.38;20;;;;;
19/01/2023;02:30:38.929;3578;40.38;20;;;;;
19/01/2023;02:30:39.137;3597;40.38;20;;;;;
19/01/2023;02:30:39.313;3610;40.38;20;;;;;
19/01/2023;02:30:39.521;3604;40.38;20;;;;;
19/01/2023;02:30:39.729;3607;40.38;20;;;;;
19/01/2023;02:30:39.928;3613;40.38;20;;;;;
19/01/2023;02:30:40.129;3602;40.38;20;;;;;
19/01/2023;02:30:40.339;3615;40.38;20;;;;;
19/01/2023;02:30:40.546;3618;40.38;20;;;;;
19/01/2023;02:30:40.754;3629;40.38;20;;;;;
19/01/2023;02:30:40.961;3619;40.38;20;;;;;
19/01/2023;02:30:41.169;3627;40.38;20;;;;;
19/01/2023;02:30:41.377;3629;40.38;20;;;;;
19/01/2023;02:30:41.586;3618;40.38;20;;;;;
19/01/2023;02:30:41.794;3628;40.38;20;;;;;
19/01/2023;02:30:42.001;3609;40.38;20;;;;;
19/01/2023;02:30:42.210;3604;40.38;20;;;;;
19/01/2023;02:30:42.426;3607;40.38;20;;;;;
19/01/2023;02:30:42.643;3640;40.38;20;;;;;
19/01/2023;02:30:42.851;3631;40.38;20;;;;;
19/01/2023;02:30:43.059;3637;40.38;20;;;;;
19/01/2023;02:30:43.267;3617;40.38;20;;;;;
19/01/2023;02:30:43.443;3617;40.38;20;;;;;
19/01/2023;02:30:43.648;3602;40.38;20;;;;;
19/01/2023;02:30:43.848;3621;40.38;20;;;;;
19/01/2023;02:30:44.052;3616;40.38;20;;;;;
19/01/2023;02:30:44.259;3595;40.38;20;;;;;
19/01/2023;02:30:44.467;3600;40.38;20;;;;;
19/01/2023;02:30:44.676;3604;40.38;20;;;;;
19/01/2023;02:30:44.884;3598;40.38;20;;;;;
19/01/2023;02:30:45.091;3606;40.38;20;;;;;
19/01/2023;02:30:45.298;3614;40.38;20;;;;;
19/01/2023;02:30:45.509;3623;40.38;20;;;;;
19/01/2023;02:30:45.717;3627;40.38;20;;;;;
19/01/2023;02:30:45.924;3602;40.38;20;;;;;
19/01/2023;02:30:46.133;3612;40.38;20;;;;;
19/01/2023;02:30:46.341;3603;40.38;20;;;;;
19/01/2023;02:30:46.552;3648;40.38;20;;;;;
19/01/2023;02:30:46.770;3617;40.38;20;;;;;
19/01/2023;02:30:46.981;3625;40.38;20;;;;;
19/01/2023;02:30:47.190;3630;40.38;20;;;;;
19/01/2023;02:30:47.366;3626;40.38;20;;;;;
19/01/2023;02:30:47.570;3622;40.38;20;;;;;
19/01/2023;02:30:47.770;3612;40.38;20;;;;;
19/01/2023;02:30:47.973;3634;40.38;20;;;;;
19/01/2023;02:30:48.181;3645;40.38;20;;;;;
19/01/2023;02:30:48.390;3637;40.38;20;;;;;
19/01/2023;02:30:48.598;3634;40.38;20;;;;;
19/01/2023;02:30:48.804;3633;40.38;20;;;;;
19/01/2023;02:30:49.015;3629;40.38;20;;;;;
19/01/2023;02:30:49.224;3669;40.35;20;;;;;
19/01/2023;02:30:49.430;3669;40.35;20;;;;;
19/01/2023;02:30:49.639;3672;40.35;20;;;;;
19/01/2023;02:30:49.847;3656;40.35;20;;;;;
19/01/2023;02:30:50.055;3667;40.35;20;;;;;
19/01/2023;02:30:50.264;3664;40.35;20;;;;;
19/01/2023;02:30:50.472;3660;40.35;20;;;;;
19/01/2023;02:30:50.696;3648;40.35;20;;;;;
19/01/2023;02:30:50.894;3647;40.35;20;;;;;
19/01/2023;02:30:51.111;3649;40.35;20;;;;;
19/01/2023;02:30:51.320;3640;40.35;20;;;;;
19/01/2023;02:30:51.491;3642;40.35;20;;;;;
19/01/2023;02:30:51.686;3652;40.35;20;;;;;
19/01/2023;02:30:51.895;3648;40.35;20;;;;;
19/01/2023;02:30:52.098;3656;40.35;20;;;;;
19/01/2023;02:30:52.312;3656;40.35;20;;;;;
19/01/2023;02:30:52.519;3658;40.35;20;;;;;
19/01/2023;02:30:52.727;3655;40.35;20;;;;;
19/01/2023;02:30:52.934;3653;40.35;20;;;;;
19/01/2023;02:30:53.144;3649;40.35;20;;;;;
19/01/2023;02:30:53.352;3653;40.35;20;;;;;
19/01/2023;02:30:53.560;3621;40.35;20;;;;;
19/01/2023;02:30:53.768;3628;40.35;20;;;;;
19/01/2023;02:30:53.976;3630;40.35;20;;;;;
19/01/2023;02:30:54.184;3612;40.35;20;;;;;
19/01/2023;02:30:54.392;3627;40.35;20;;;;;
19/01/2023;02:30:54.601;3634;40.35;20;;;;;
19/01/2023;02:30:54.809;3663;40.32;20;;;;;
19/01/2023;02:30:55.017;3673;40.32;20;;;;;
19/01/2023;02:30:55.237;3662;40.32;20;;;;;
19/01/2023;02:30:55.450;3662;40.32;20;;;;;
19/01/2023;02:30:55.613;3678;40.32;20;;;;;
19/01/2023;02:30:55.818;3661;40.32;20;;;;;
19/01/2023;02:30:56.025;3684;40.32;20;;;;;
19/01/2023;02:30:56.232;3672;40.32;20;;;;;
19/01/2023;02:30:56.441;3679;40.32;20;;;;;
19/01/2023;02:30:56.650;3673;40.32;20;;;;;
19/01/2023;02:30:56.857;3681;40.32;20;;;;;
19/01/2023;02:30:57.066;3674;40.32;20;;;;;
19/01/2023;02:30:57.273;3691;40.32;20;;;;;
19/01/2023;02:30:57.476;3684;40.32;20;;;;;
19/01/2023;02:30:57.691;3673;40.32;20;;;;;
19/01/2023;02:30:57.898;3685;40.32;20;;;;;
19/01/2023;02:30:58.107;3692;40.32;20;;;;;
19/01/2023;02:30:58.315;3699;40.32;20;;;;;
19/01/2023;02:30:58.522;3691;40.32;20;;;;;
19/01/2023;02:30:58.731;3704;40.32;20;;;;;
19/01/2023;02:30:58.940;3696;40.32;20;;;;;
19/01/2023;02:30:59.148;3683;40.32;20;;;;;
19/01/2023;02:30:59.367;3696;40.32;20;;;;;
19/01/2023;02:30:59.532;3694;40.32;20;;;;;
19/01/2023;02:30:59.740;3668;40.32;20;;;;;
19/01/2023;02:30:59.948;3671;40.32;20;;;;;
19/01/2023;02:31:00.155;3682;40.32;20;;;;;
19/01/2023;02:31:00.363;3681;40.32;20;;;;;
19/01/2023;02:31:00.572;3667;40.29;20;;;;;
19/01/2023;02:31:00.780;3677;40.29;20;;;;;
19/01/2023;02:31:00.988;3676;40.29;20;;;;;
19/01/2023;02:31:01.194;3657;40.29;20;;;;;
19/01/2023;02:31:01.404;3646;40.29;20;;;;;
19/01/2023;02:31:01.603;3658;40.29;20;;;;;
19/01/2023;02:31:01.819;3673;40.29;20;;;;;
19/01/2023;02:31:02.028;3639;40.29;20;;;;;
19/01/2023;02:31:02.237;3659;40.29;20;;;;;
19/01/2023;02:31:02.446;3640;40.29;20;;;;;
19/01/2023;02:31:02.654;3625;40.29;20;;;;;
19/01/2023;02:31:02.862;3648;40.29;20;;;;;
19/01/2023;02:31:03.070;3637;40.29;20;;;;;
19/01/2023;02:31:03.279;3651;40.29;20;;;;;
19/01/2023;02:31:03.491;3649;40.29;20;;;;;
19/01/2023;02:31:03.662;3624;40.29;20;;;;;
19/01/2023;02:31:03.870;3630;40.29;20;;;;;
19/01/2023;02:31:04.078;3633;40.29;20;;;;;
19/01/2023;02:31:04.292;3615;40.29;20;;;;;
19/01/2023;02:31:04.494;3603;40.29;20;;;;;
19/01/2023;02:31:04.702;3632;40.26;20;;;;;
19/01/2023;02:31:04.910;3617;40.26;20;;;;;
19/01/2023;02:31:05.113;3612;40.26;20;;;;;
19/01/2023;02:31:05.309;3614;40.26;20;;;;;
19/01/2023;02:31:05.519;3600;40.26;20;;;;;
19/01/2023;02:31:05.728;3593;40.26;20;;;;;
19/01/2023;02:31:05.944;3595;40.26;20;;;;;
19/01/2023;02:31:06.159;3604;40.26;20;;;;;
19/01/2023;02:31:06.366;3613;40.26;20;;;;;
19/01/2023;02:31:06.575;3616;40.26;20;;;;;
19/01/2023;02:31:06.783;3615;40.26;20;;;;;
19/01/2023;02:31:06.990;3597;40.26;20;;;;;
19/01/2023;02:31:07.198;3615;40.26;20;;;;;
19/01/2023;02:31:07.408;3610;40.26;20;;;;;
19/01/2023;02:31:07.616;3622;40.26;20;;;;;
19/01/2023;02:31:07.792;3637;40.26;20;;;;;
19/01/2023;02:31:08.001;3604;40.22;20;;;;;
19/01/2023;02:31:08.208;3610;40.22;20;;;;;
19/01/2023;02:31:08.415;3610;40.22;20;;;;;
19/01/2023;02:31:08.625;3610;40.22;20;;;;;
19/01/2023;02:31:08.832;3609;40.22;20;;;;;
19/01/2023;02:31:09.032;3613;40.22;20;;;;;
19/01/2023;02:31:09.233;3614;40.22;20;;;;;
19/01/2023;02:31:09.440;3618;40.22;20;;;;;
19/01/2023;02:31:09.647;3611;40.22;20;;;;;
19/01/2023;02:31:09.859;3617;40.22;20;;;;;
19/01/2023;02:31:10.065;3621;40.22;20;;;;;
19/01/2023;02:31:10.283;3622;40.22;20;;;;;
19/01/2023;02:31:10.499;3623;40.22;20;;;;;
19/01/2023;02:31:10.706;3643;40.22;20;;;;;
19/01/2023;02:31:10.912;3633;40.22;20;;;;;
19/01/2023;02:31:11.122;3643;40.22;20;;;;;
19/01/2023;02:31:11.331;3648;40.22;20;;;;;
19/01/2023;02:31:11.538;3652;40.22;20;;;;;
19/01/2023;02:31:11.747;3630;40.22;20;;;;;
19/01/2023;02:31:11.923;3654;40.22;20;;;;;
19/01/2023;02:31:12.132;3664;40.22;20;;;;;
19/01/2023;02:31:12.356;3645;40.22;20;;;;;
19/01/2023;02:31:12.564;3657;40.22;20;;;;;
19/01/2023;02:31:12.755;3658;40.22;20;;;;;
19/01/2023;02:31:12.963;3646;40.22;20;;;;;
19/01/2023;02:31:13.156;3660;40.22;20;;;;;
19/01/2023;02:31:13.363;3657;40.22;20;;;;;
19/01/2023;02:31:13.571;3677;40.22;20;;;;;
19/01/2023;02:31:13.779;3667;40.22;20;;;;;
19/01/2023;02:31:13.988;3656;40.22;20;;;;;
19/01/2023;02:31:14.196;3660;40.22;20;;;;;
19/01/2023;02:31:14.409;3647;40.22;20;;;;;
19/01/2023;02:31:14.627;3650;40.22;20;;;;;
19/01/2023;02:31:14.837;3628;40.22;20;;;;;
19/01/2023;02:31:15.043;3642;40.22;20;;;;;
19/01/2023;02:31:15.253;3632;40.22;20;;;;;
19/01/2023;02:31:15.461;3635;40.22;20;;;;;
19/01/2023;02:31:15.668;3631;40.22;20;;;;;
19/01/2023;02:31:15.844;3617;40.22;20;;;;;
19/01/2023;02:31:16.053;3623;40.22;20;;;;;
19/01/2023;02:31:16.261;3625;40.22;20;;;;;
19/01/2023;02:31:16.468;3627;40.22;20;;;;;
19/01/2023;02:31:16.673;3626;40.22;20;;;;;
19/01/2023;02:31:16.869;3623;40.22;20;;;;;
19/01/2023;02:31:17.076;3644;40.22;20;;;;;
19/01/2023;02:31:17.284;3649;40.22;20;;;;;
19/01/2023;02:31:17.493;3653;40.22;20;;;;;
19/01/2023;02:31:17.701;3657;40.22;20;;;;;
19/01/2023;02:31:17.908;3644;40.22;20;;;;;
19/01/2023;02:31:18.118;3654;40.22;20;;;;;
19/01/2023;02:31:18.326;3649;40.22;20;;;;;
19/01/2023;02:31:18.532;3664;40.22;20;;;;;
19/01/2023;02:31:18.752;3652;40.22;20;;;;;
19/01/2023;02:31:18.965;3652;40.22;20;;;;;
19/01/2023;02:31:19.174;3658;40.22;20;;;;;
19/01/2023;02:31:19.383;3666;40.22;20;;;;;
19/01/2023;02:31:19.591;3679;40.22;20;;;;;
19/01/2023;02:31:19.799;3676;40.22;20;;;;;
19/01/2023;02:31:19.975;3694;40.22;20;;;;;
19/01/2023;02:31:20.182;3695;40.22;20;;;;;
19/01/2023;02:31:20.392;3703;40.22;20;;;;;
19/01/2023;02:31:20.593;3710;40.22;20;;;;;
19/01/2023;02:31:20.791;3693;40.22;20;;;;;
19/01/2023;02:31:21.000;3706;40.22;20;;;;;
19/01/2023;02:31:21.207;3706;40.22;20;;;;;
19/01/2023;02:31:21.416;3711;40.26;20;;;;;
19/01/2023;02:31:21.624;3720;40.26;20;;;;;
19/01/2023;02:31:21.831;3733;40.26;20;;;;;
19/01/2023;02:31:22.038;3722;40.26;20;;;;;
19/01/2023;02:31:22.249;3715;40.26;20;;;;;
19/01/2023;02:31:22.457;3711;40.26;20;;;;;
19/01/2023;02:31:22.664;3703;40.26;20;;;;;
19/01/2023;02:31:22.881;3702;40.26;20;;;;;
19/01/2023;02:31:23.097;3726;40.26;20;;;;;
19/01/2023;02:31:23.304;3723;40.26;20;;;;;
19/01/2023;02:31:23.513;3723;40.26;20;;;;;
19/01/2023;02:31:23.721;3732;40.26;20;;;;;
19/01/2023;02:31:23.898;3731;40.26;20;;;;;
19/01/2023;02:31:24.104;3730;40.26;20;;;;;
19/01/2023;02:31:24.314;3735;40.26;20;;;;;
19/01/2023;02:31:24.522;3753;40.26;20;;;;;
19/01/2023;02:31:24.730;3746;40.26;20;;;;;
19/01/2023;02:31:24.938;3755;40.26;20;;;;;
19/01/2023;02:31:25.131;3742;40.26;20;;;;;
19/01/2023;02:31:25.337;3751;40.26;20;;;;;
19/01/2023;02:31:25.546;3783;40.26;20;;;;;
19/01/2023;02:31:25.755;3772;40.26;20;;;;;
19/01/2023;02:31:25.963;3812;40.26;20;;;;;
19/01/2023;02:31:26.171;3820;40.26;20;;;;;
19/01/2023;02:31:26.378;3804;40.26;20;;;;;
19/01/2023;02:31:26.586;3821;40.26;20;;;;;
19/01/2023;02:31:26.796;3816;40.26;20;;;;;
19/01/2023;02:31:27.008;3814;40.26;20;;;;;
19/01/2023;02:31:27.225;3826;40.29;20;;;;;
19/01/2023;02:31:27.436;3813;40.26;20;;;;;
19/01/2023;02:31:27.643;3805;40.29;20;;;;;
19/01/2023;02:31:27.851;3813;40.29;20;;;;;
19/01/2023;02:31:28.027;3807;40.29;20;;;;;
19/01/2023;02:31:28.230;3793;40.29;20;;;;;
19/01/2023;02:31:28.428;3785;40.29;20;;;;;
19/01/2023;02:31:28.636;3761;40.29;20;;;;;
19/01/2023;02:31:28.844;3778;40.29;20;;;;;
19/01/2023;02:31:29.053;3758;40.29;20;;;;;
19/01/2023;02:31:29.260;3746;40.29;20;;;;;
19/01/2023;02:31:29.467;3762;40.29;20;;;;;
19/01/2023;02:31:29.676;3744;40.29;20;;;;;
19/01/2023;02:31:29.884;3734;40.29;20;;;;;
19/01/2023;02:31:30.093;3747;40.29;20;;;;;
19/01/2023;02:31:30.301;3721;40.29;20;;;;;
19/01/2023;02:31:30.509;3715;40.29;20;;;;;
19/01/2023;02:31:30.717;3723;40.29;20;;;;;
19/01/2023;02:31:30.926;3711;40.29;20;;;;;
19/01/2023;02:31:31.133;3704;40.29;20;;;;;
19/01/2023;02:31:31.350;3709;40.29;20;;;;;
19/01/2023;02:31:31.566;3706;40.29;20;;;;;
19/01/2023;02:31:31.772;3688;40.32;20;;;;;
19/01/2023;02:31:31.982;3672;40.32;20;;;;;
19/01/2023;02:31:32.150;3668;40.32;20;;;;;
19/01/2023;02:31:32.349;3662;40.32;20;;;;;
19/01/2023;02:31:32.558;3656;40.32;20;;;;;
19/01/2023;02:31:32.767;3668;40.32;20;;;;;
19/01/2023;02:31:32.974;3652;40.32;20;;;;;
19/01/2023;02:31:33.183;3645;40.32;20;;;;;
19/01/2023;02:31:33.390;3637;40.32;20;;;;;
19/01/2023;02:31:33.598;3621;40.32;20;;;;;
19/01/2023;02:31:33.806;3617;40.32;20;;;;;
19/01/2023;02:31:34.014;3614;40.32;20;;;;;
19/01/2023;02:31:34.222;3620;40.32;20;;;;;
19/01/2023;02:31:34.447;3620;40.32;20;;;;;
19/01/2023;02:31:34.639;3606;40.32;20;;;;;
19/01/2023;02:31:34.848;3602;40.32;20;;;;;
19/01/2023;02:31:35.054;3594;40.32;20;;;;;
19/01/2023;02:31:35.264;3605;40.35;20;;;;;
19/01/2023;02:31:35.472;3595;40.35;20;;;;;
19/01/2023;02:31:35.691;3599;40.35;20;;;;;
19/01/2023;02:31:35.904;3585;40.35;20;;;;;
19/01/2023;02:31:36.072;3596;40.35;20;;;;;
19/01/2023;02:31:36.273;3596;40.35;20;;;;;
19/01/2023;02:31:36.481;3599;40.35;20;;;;;
19/01/2023;02:31:36.689;3596;40.35;20;;;;;
19/01/2023;02:31:36.897;3578;40.35;20;;;;;
19/01/2023;02:31:37.104;3578;40.35;20;;;;;
19/01/2023;02:31:37.313;3587;40.35;20;;;;;
19/01/2023;02:31:37.522;3582;40.35;20;;;;;
19/01/2023;02:31:37.729;3605;40.35;20;;;;;
19/01/2023;02:31:37.932;3578;40.35;20;;;;;
19/01/2023;02:31:38.146;3588;40.35;20;;;;;
19/01/2023;02:31:38.354;3573;40.35;20;;;;;
19/01/2023;02:31:38.560;3588;40.35;20;;;;;
19/01/2023;02:31:38.770;3586;40.35;20;;;;;
19/01/2023;02:31:38.978;3577;40.35;20;;;;;
19/01/2023;02:31:39.186;3588;40.35;20;;;;;
19/01/2023;02:31:39.394;3592;40.35;20;;;;;
19/01/2023;02:31:39.600;3573;40.35;20;;;;;
19/01/2023;02:31:39.814;3562;40.35;20;;;;;
19/01/2023;02:31:40.032;3581;40.35;20;;;;;
19/01/2023;02:31:40.194;3583;40.35;20;;;;;
19/01/2023;02:31:40.402;3598;40.38;20;;;;;
19/01/2023;02:31:40.610;3589;40.38;20;;;;;
19/01/2023;02:31:40.817;3574;40.38;20;;;;;
19/01/2023;02:31:41.027;3574;40.38;20;;;;;
19/01/2023;02:31:41.234;3608;40.38;20;;;;;
19/01/2023;02:31:41.443;3601;40.38;20;;;;;
19/01/2023;02:31:41.650;3598;40.38;20;;;;;
19/01/2023;02:31:41.852;3606;40.38;20;;;;;
19/01/2023;02:31:42.051;3615;40.38;20;;;;;
19/01/2023;02:31:42.268;3597;40.38;20;;;;;
19/01/2023;02:31:42.483;3608;40.38;20;;;;;
19/01/2023;02:31:42.692;3583;40.38;20;;;;;
19/01/2023;02:31:42.900;3594;40.38;20;;;;;
19/01/2023;02:31:43.106;3578;40.38;20;;;;;
19/01/2023;02:31:43.315;3588;40.38;20;;;;;
19/01/2023;02:31:43.523;3588;40.38;20;;;;;
19/01/2023;02:31:43.732;3584;40.38;20;;;;;
19/01/2023;02:31:43.940;3581;40.38;20;;;;;
19/01/2023;02:31:44.155;3587;40.38;20;;;;;
19/01/2023;02:31:44.325;3552;40.38;20;;;;;
19/01/2023;02:31:44.533;3579;40.38;20;;;;;
19/01/2023;02:31:44.740;3579;40.38;20;;;;;
19/01/2023;02:31:44.949;3571;40.38;20;;;;;
19/01/2023;02:31:45.157;3570;40.38;20;;;;;
19/01/2023;02:31:45.366;3586;40.38;20;;;;;
19/01/2023;02:31:45.574;3574;40.38;20;;;;;
19/01/2023;02:31:45.773;3574;40.38;20;;;;;
19/01/2023;02:31:45.972;3585;40.38;20;;;;;
19/01/2023;02:31:46.181;3589;40.38;20;;;;;
19/01/2023;02:31:46.390;3599;40.38;20;;;;;
19/01/2023;02:31:46.608;3622;40.38;20;;;;;
19/01/2023;02:31:46.837;3592;40.38;20;;;;;
19/01/2023;02:31:47.046;3620;40.38;20;;;;;
19/01/2023;02:31:47.254;3602;40.38;20;;;;;
19/01/2023;02:31:47.462;3613;40.38;20;;;;;
19/01/2023;02:31:47.656;3609;40.38;20;;;;;
19/01/2023;02:31:47.863;3626;40.38;20;;;;;
19/01/2023;02:31:48.070;3640;40.38;20;;;;;
19/01/2023;02:31:48.247;3644;40.38;20;;;;;
19/01/2023;02:31:48.454;3649;40.38;20;;;;;
19/01/2023;02:31:48.663;3655;40.38;20;;;;;
19/01/2023;02:31:48.871;3666;40.38;20;;;;;
19/01/2023;02:31:49.079;3673;40.38;20;;;;;
19/01/2023;02:31:49.287;3706;40.38;20;;;;;
19/01/2023;02:31:49.496;3687;40.38;20;;;;;
19/01/2023;02:31:49.694;3702;40.35;20;;;;;
19/01/2023;02:31:49.896;3699;40.35;20;;;;;
19/01/2023;02:31:50.104;3685;40.35;20;;;;;
19/01/2023;02:31:50.312;3689;40.35;20;;;;;
19/01/2023;02:31:50.520;3669;40.35;20;;;;;
19/01/2023;02:31:50.731;3670;40.35;20;;;;;
19/01/2023;02:31:50.949;3673;40.35;20;;;;;
19/01/2023;02:31:51.160;3668;40.35;20;;;;;
19/01/2023;02:31:51.368;3678;40.35;20;;;;;
19/01/2023;02:31:51.576;3658;40.35;20;;;;;
19/01/2023;02:31:51.784;3635;40.35;20;;;;;
19/01/2023;02:31:51.993;3624;40.35;20;;;;;
19/01/2023;02:31:52.201;3639;40.35;20;;;;;
19/01/2023;02:31:52.407;3616;40.35;20;;;;;
19/01/2023;02:31:52.584;3609;40.35;20;;;;;
19/01/2023;02:31:52.799;3612;40.35;20;;;;;
19/01/2023;02:31:53.001;3625;40.35;20;;;;;
19/01/2023;02:31:53.209;3579;40.35;20;;;;;
19/01/2023;02:31:53.416;3585;40.35;20;;;;;
19/01/2023;02:31:53.614;3580;40.35;20;;;;;
19/01/2023;02:31:53.815;3599;40.35;20;;;;;
19/01/2023;02:31:54.026;3579;40.35;20;;;;;
19/01/2023;02:31:54.234;3576;40.35;20;;;;;
19/01/2023;02:31:54.442;3602;40.35;20;;;;;
19/01/2023;02:31:54.650;3572;40.35;20;;;;;
19/01/2023;02:31:54.857;3582;40.35;20;;;;;
19/01/2023;02:31:55.067;3600;40.35;20;;;;;
19/01/2023;02:31:55.283;3590;40.35;20;;;;;
19/01/2023;02:31:55.499;3589;40.35;20;;;;;
19/01/2023;02:31:55.707;3571;40.32;20;;;;;
19/01/2023;02:31:55.915;3557;40.32;20;;;;;
19/01/2023;02:31:56.123;3549;40.32;20;;;;;
19/01/2023;02:31:56.331;3544;40.32;20;;;;;
19/01/2023;02:31:56.539;3550;40.32;20;;;;;
19/01/2023;02:31:56.715;3549;40.32;20;;;;;
19/01/2023;02:31:56.924;3538;40.32;20;;;;;
19/01/2023;02:31:57.132;3565;40.32;20;;;;;
19/01/2023;02:31:57.335;3562;40.32;20;;;;;
19/01/2023;02:31:57.535;3540;40.32;20;;;;;
19/01/2023;02:31:57.740;3553;40.32;20;;;;;
19/01/2023;02:31:57.946;3570;40.32;20;;;;;
19/01/2023;02:31:58.156;3557;40.32;20;;;;;
19/01/2023;02:31:58.364;3573;40.32;20;;;;;
19/01/2023;02:31:58.573;3586;40.32;20;;;;;
19/01/2023;02:31:58.781;3606;40.32;20;;;;;
19/01/2023;02:31:58.988;3631;40.32;20;;;;;
19/01/2023;02:31:59.196;3655;40.32;20;;;;;
19/01/2023;02:31:59.403;3656;40.32;20;;;;;
19/01/2023;02:31:59.619;3689;40.32;20;;;;;
19/01/2023;02:31:59.838;3716;40.32;20;;;;;
19/01/2023;02:32:00.044;3744;40.32;20;;;;;
19/01/2023;02:32:00.253;3760;40.32;20;;;;;
19/01/2023;02:32:00.478;3791;40.32;20;;;;;
19/01/2023;02:32:00.654;3846;40.32;20;;;;;
19/01/2023;02:32:00.862;3871;40.29;20;;;;;
19/01/2023;02:32:01.054;3890;40.29;20;;;;;
19/01/2023;02:32:01.256;3886;40.29;20;;;;;
19/01/2023;02:32:01.454;3921;40.29;20;;;;;
19/01/2023;02:32:01.662;3935;40.29;20;;;;;
19/01/2023;02:32:01.870;3949;40.29;20;;;;;
19/01/2023;02:32:02.079;3955;40.29;20;;;;;
19/01/2023;02:32:02.288;3988;40.29;20;;;;;
19/01/2023;02:32:02.501;3988;40.29;20;;;;;
19/01/2023;02:32:02.703;3991;40.29;20;;;;;
19/01/2023;02:32:02.910;3991;40.29;20;;;;;
19/01/2023;02:32:03.119;3984;40.29;20;;;;;
19/01/2023;02:32:03.327;3967;40.29;20;;;;;
19/01/2023;02:32:03.535;3928;40.29;20;;;;;
19/01/2023;02:32:03.746;3917;40.29;20;;;;;
19/01/2023;02:32:03.964;3895;40.29;20;;;;;
19/01/2023;02:32:04.174;3912;40.29;20;;;;;
19/01/2023;02:32:04.383;3866;40.29;20;;;;;
19/01/2023;02:32:04.591;3822;40.29;20;;;;;
19/01/2023;02:32:04.766;3803;40.29;20;;;;;
19/01/2023;02:32:04.976;3754;40.29;20;;;;;
19/01/2023;02:32:05.175;3744;40.29;20;;;;;
19/01/2023;02:32:05.376;3708;40.29;20;;;;;
19/01/2023;02:32:05.585;3678;40.29;20;;;;;
19/01/2023;02:32:05.793;3686;40.29;20;;;;;
19/01/2023;02:32:05.999;3641;40.26;20;;;;;
19/01/2023;02:32:06.209;3621;40.29;20;;;;;
19/01/2023;02:32:06.417;3577;40.26;20;;;;;
19/01/2023;02:32:06.625;3568;40.26;20;;;;;
19/01/2023;02:32:06.833;3566;40.26;20;;;;;
19/01/2023;02:32:07.040;3578;40.26;20;;;;;
19/01/2023;02:32:07.249;3559;40.26;20;;;;;
19/01/2023;02:32:07.458;3567;40.26;20;;;;;
19/01/2023;02:32:07.665;3575;40.26;20;;;;;
19/01/2023;02:32:07.874;3571;40.26;20;;;;;
19/01/2023;02:32:08.090;3587;40.26;20;;;;;
19/01/2023;02:32:08.305;3601;40.26;20;;;;;
19/01/2023;02:32:08.514;3607;40.26;20;;;;;
19/01/2023;02:32:08.722;3596;40.26;20;;;;;
19/01/2023;02:32:08.895;3620;40.26;20;;;;;
19/01/2023;02:32:09.094;3629;40.26;20;;;;;
19/01/2023;02:32:09.299;3628;40.26;20;;;;;
19/01/2023;02:32:09.506;3608;40.26;20;;;;;
19/01/2023;02:32:09.714;3651;40.26;20;;;;;
19/01/2023;02:32:09.923;3629;40.26;20;;;;;
19/01/2023;02:32:10.132;3637;40.26;20;;;;;
19/01/2023;02:32:10.340;3606;40.26;20;;;;;
19/01/2023;02:32:10.548;3608;40.26;20;;;;;
19/01/2023;02:32:10.755;3602;40.26;20;;;;;
19/01/2023;02:32:10.963;3611;40.26;20;;;;;
19/01/2023;02:32:11.172;3606;40.26;20;;;;;
19/01/2023;02:32:11.380;3620;40.26;20;;;;;
19/01/2023;02:32:11.587;3613;40.26;20;;;;;
19/01/2023;02:32:11.795;3609;40.26;20;;;;;
19/01/2023;02:32:12.004;3601;40.26;20;;;;;
19/01/2023;02:32:12.213;3617;40.26;20;;;;;
19/01/2023;02:32:12.428;3604;40.26;20;;;;;
19/01/2023;02:32:12.644;3613;40.26;20;;;;;
19/01/2023;02:32:12.868;3601;40.26;20;;;;;
19/01/2023;02:32:13.029;3625;40.26;20;;;;;
19/01/2023;02:32:13.237;3616;40.26;20;;;;;
19/01/2023;02:32:13.445;3625;40.26;20;;;;;
19/01/2023;02:32:13.637;3627;40.26;20;;;;;
19/01/2023;02:32:13.846;3621;40.26;20;;;;;
19/01/2023;02:32:14.054;3631;40.26;20;;;;;
19/01/2023;02:32:14.262;3625;40.26;20;;;;;
19/01/2023;02:32:14.468;3627;40.26;20;;;;;
19/01/2023;02:32:14.675;3612;40.26;20;;;;;
19/01/2023;02:32:14.883;3607;40.26;20;;;;;
19/01/2023;02:32:15.093;3617;40.26;20;;;;;
19/01/2023;02:32:15.302;3607;40.26;20;;;;;
19/01/2023;02:32:15.509;3610;40.26;20;;;;;
19/01/2023;02:32:15.718;3619;40.26;20;;;;;
19/01/2023;02:32:15.926;3604;40.26;20;;;;;
19/01/2023;02:32:16.133;3626;40.26;20;;;;;
19/01/2023;02:32:16.342;3644;40.26;20;;;;;
19/01/2023;02:32:16.554;3648;40.26;20;;;;;
19/01/2023;02:32:16.773;3656;40.26;20;;;;;
19/01/2023;02:32:16.934;3657;40.26;20;;;;;
19/01/2023;02:32:17.143;3676;40.26;20;;;;;
19/01/2023;02:32:17.351;3664;40.26;20;;;;;
19/01/2023;02:32:17.559;3672;40.26;20;;;;;
19/01/2023;02:32:17.768;3671;40.22;20;;;;;
19/01/2023;02:32:17.976;3681;40.22;20;;;;;
19/01/2023;02:32:18.184;3722;40.26;20;;;;;
19/01/2023;02:32:18.392;3699;40.22;20;;;;;
19/01/2023;02:32:18.595;3723;40.22;20;;;;;
19/01/2023;02:32:18.792;3726;40.22;20;;;;;
19/01/2023;02:32:19.009;3743;40.22;20;;;;;
19/01/2023;02:32:19.224;3742;40.26;20;;;;;
19/01/2023;02:32:19.432;3749;40.26;20;;;;;
19/01/2023;02:32:19.640;3749;40.26;20;;;;;
19/01/2023;02:32:19.849;3744;40.26;20;;;;;
19/01/2023;02:32:20.057;3739;40.26;20;;;;;
19/01/2023;02:32:20.265;3724;40.26;20;;;;;
19/01/2023;02:32:20.474;3731;40.26;20;;;;;
19/01/2023;02:32:20.681;3750;40.26;20;;;;;
19/01/2023;02:32:20.901;3746;40.26;20;;;;;
19/01/2023;02:32:21.066;3749;40.26;20;;;;;
19/01/2023;02:32:21.273;3755;40.26;20;;;;;
19/01/2023;02:32:21.481;3742;40.26;20;;;;;
19/01/2023;02:32:21.689;3746;40.26;20;;;;;
19/01/2023;02:32:21.897;3739;40.26;20;;;;;
19/01/2023;02:32:22.104;3725;40.26;20;;;;;
19/01/2023;02:32:22.315;3730;40.26;20;;;;;
19/01/2023;02:32:22.516;3716;40.26;20;;;;;
19/01/2023;02:32:22.715;3696;40.26;20;;;;;
19/01/2023;02:32:22.921;3710;40.26;20;;;;;
19/01/2023;02:32:23.139;3698;40.26;20;;;;;
19/01/2023;02:32:23.355;3669;40.26;20;;;;;
19/01/2023;02:32:23.562;3660;40.26;20;;;;;
19/01/2023;02:32:23.771;3651;40.26;20;;;;;
19/01/2023;02:32:23.980;3656;40.26;20;;;;;
19/01/2023;02:32:24.187;3657;40.26;20;;;;;
19/01/2023;02:32:24.395;3679;40.26;20;;;;;
19/01/2023;02:32:24.604;3680;40.26;20;;;;;
19/01/2023;02:32:24.812;3670;40.29;20;;;;;
19/01/2023;02:32:24.989;3677;40.29;20;;;;;
19/01/2023;02:32:25.194;3683;40.29;20;;;;;
19/01/2023;02:32:25.403;3681;40.29;20;;;;;
19/01/2023;02:32:25.613;3670;40.29;20;;;;;
19/01/2023;02:32:25.820;3652;40.29;20;;;;;
19/01/2023;02:32:26.029;3651;40.29;20;;;;;
19/01/2023;02:32:26.236;3671;40.29;20;;;;;
19/01/2023;02:32:26.435;3674;40.29;20;;;;;
19/01/2023;02:32:26.636;3664;40.29;20;;;;;
19/01/2023;02:32:26.844;3672;40.29;20;;;;;
19/01/2023;02:32:27.052;3682;40.29;20;;;;;
19/01/2023;02:32:27.262;3678;40.29;20;;;;;
19/01/2023;02:32:27.476;3670;40.29;20;;;;;
19/01/2023;02:32:27.692;3678;40.29;20;;;;;
19/01/2023;02:32:27.901;3680;40.29;20;;;;;
19/01/2023;02:32:28.109;3664;40.29;20;;;;;
19/01/2023;02:32:28.316;3663;40.29;20;;;;;
19/01/2023;02:32:28.525;3660;40.29;20;;;;;
19/01/2023;02:32:28.734;3651;40.29;20;;;;;
19/01/2023;02:32:28.942;3654;40.29;20;;;;;
19/01/2023;02:32:29.118;3674;40.29;20;;;;;
19/01/2023;02:32:29.326;3663;40.29;20;;;;;
19/01/2023;02:32:29.534;3657;40.29;20;;;;;
19/01/2023;02:32:29.741;3686;40.29;20;;;;;
19/01/2023;02:32:29.950;3689;40.29;20;;;;;
19/01/2023;02:32:30.156;3672;40.29;20;;;;;
19/01/2023;02:32:30.355;3682;40.29;20;;;;;
19/01/2023;02:32:30.558;3673;40.29;20;;;;;
19/01/2023;02:32:30.767;3672;40.29;20;;;;;
19/01/2023;02:32:30.975;3671;40.29;20;;;;;
19/01/2023;02:32:31.182;3674;40.29;20;;;;;
19/01/2023;02:32:31.390;3696;40.29;20;;;;;
19/01/2023;02:32:31.603;3705;40.29;20;;;;;
19/01/2023;02:32:31.820;3687;40.29;20;;;;;
19/01/2023;02:32:32.031;3695;40.29;20;;;;;
19/01/2023;02:32:32.239;3695;40.32;20;;;;;
19/01/2023;02:32:32.448;3712;40.32;20;;;;;
19/01/2023;02:32:32.655;3723;40.29;20;;;;;
19/01/2023;02:32:32.864;3722;40.29;20;;;;;
19/01/2023;02:32:33.073;3725;40.32;20;;;;;
19/01/2023;02:32:33.248;3723;40.32;20;;;;;
19/01/2023;02:32:33.463;3727;40.32;20;;;;;
19/01/2023;02:32:33.665;3738;40.29;20;;;;;
19/01/2023;02:32:33.872;3717;40.32;20;;;;;
19/01/2023;02:32:34.077;3730;40.32;20;;;;;
19/01/2023;02:32:34.277;3741;40.32;20;;;;;
19/01/2023;02:32:34.481;3747;40.32;20;;;;;
19/01/2023;02:32:34.690;3742;40.32;20;;;;;
19/01/2023;02:32:34.898;3714;40.32;20;;;;;
19/01/2023;02:32:35.106;3708;40.29;20;;;;;
19/01/2023;02:32:35.314;3687;40.32;20;;;;;
19/01/2023;02:32:35.521;3711;40.32;20;;;;;
19/01/2023;02:32:35.731;3705;40.32;20;;;;;
19/01/2023;02:32:35.943;3708;40.32;20;;;;;
19/01/2023;02:32:36.160;3697;40.32;20;;;;;
19/01/2023;02:32:36.370;3675;40.32;20;;;;;
19/01/2023;02:32:36.579;3671;40.32;20;;;;;
19/01/2023;02:32:36.787;3650;40.32;20;;;;;
19/01/2023;02:32:36.995;3655;40.32;20;;;;;
19/01/2023;02:32:37.204;3669;40.32;20;;;;;
19/01/2023;02:32:37.380;3665;40.32;20;;;;;
19/01/2023;02:32:37.588;3644;40.32;20;;;;;
19/01/2023;02:32:37.795;3654;40.32;20;;;;;
19/01/2023;02:32:37.996;3631;40.32;20;;;;;
19/01/2023;02:32:38.194;3634;40.32;20;;;;;
19/01/2023;02:32:38.402;3644;40.32;20;;;;;
19/01/2023;02:32:38.610;3638;40.32;20;;;;;
19/01/2023;02:32:38.819;3636;40.32;20;;;;;
19/01/2023;02:32:39.026;3621;40.32;20;;;;;
19/01/2023;02:32:39.235;3617;40.32;20;;;;;
19/01/2023;02:32:39.444;3604;40.32;20;;;;;
19/01/2023;02:32:39.651;3617;40.32;20;;;;;
19/01/2023;02:32:39.858;3606;40.35;20;;;;;
19/01/2023;02:32:40.069;3592;40.32;20;;;;;
19/01/2023;02:32:40.283;3592;40.32;20;;;;;
19/01/2023;02:32:40.500;3566;40.35;20;;;;;
19/01/2023;02:32:40.708;3577;40.35;20;;;;;
19/01/2023;02:32:40.917;3599;40.35;20;;;;;
19/01/2023;02:32:41.125;3591;40.35;20;;;;;
19/01/2023;02:32:41.300;3589;40.35;20;;;;;
19/01/2023;02:32:41.509;3599;40.35;20;;;;;
19/01/2023;02:32:41.717;3581;40.35;20;;;;;
19/01/2023;02:32:41.918;3577;40.35;20;;;;;
19/01/2023;02:32:42.117;3575;40.35;20;;;;;
19/01/2023;02:32:42.325;3592;40.35;20;;;;;
19/01/2023;02:32:42.533;3587;40.35;20;;;;;
19/01/2023;02:32:42.742;3608;40.35;20;;;;;
19/01/2023;02:32:42.950;3627;40.35;20;;;;;
19/01/2023;02:32:43.164;3603;40.35;20;;;;;
19/01/2023;02:32:43.364;3625;40.35;20;;;;;
19/01/2023;02:32:43.574;3644;40.35;20;;;;;
19/01/2023;02:32:43.782;3658;40.35;20;;;;;
19/01/2023;02:32:43.990;3643;40.35;20;;;;;
19/01/2023;02:32:44.198;3653;40.35;20;;;;;
19/01/2023;02:32:44.410;3631;40.35;20;;;;;
19/01/2023;02:32:44.628;3644;40.35;20;;;;;
19/01/2023;02:32:44.839;3640;40.35;20;;;;;
19/01/2023;02:32:45.047;3636;40.35;20;;;;;
19/01/2023;02:32:45.255;3643;40.35;20;;;;;
19/01/2023;02:32:45.432;3638;40.35;20;;;;;
19/01/2023;02:32:45.655;3622;40.35;20;;;;;
19/01/2023;02:32:45.839;3624;40.35;20;;;;;
19/01/2023;02:32:46.040;3608;40.35;20;;;;;
19/01/2023;02:32:46.247;3623;40.35;20;;;;;
19/01/2023;02:32:46.456;3638;40.35;20;;;;;
19/01/2023;02:32:46.664;3648;40.35;20;;;;;
19/01/2023;02:32:46.872;3645;40.35;20;;;;;
19/01/2023;02:32:47.080;3656;40.35;20;;;;;
19/01/2023;02:32:47.289;3667;40.35;20;;;;;
19/01/2023;02:32:47.495;3685;40.35;20;;;;;
19/01/2023;02:32:47.705;3665;40.35;20;;;;;
19/01/2023;02:32:47.913;3689;40.35;20;;;;;
19/01/2023;02:32:48.120;3690;40.35;20;;;;;
19/01/2023;02:32:48.328;3693;40.35;20;;;;;
19/01/2023;02:32:48.541;3692;40.35;20;;;;;
19/01/2023;02:32:48.758;3696;40.35;20;;;;;
19/01/2023;02:32:48.970;3685;40.35;20;;;;;
19/01/2023;02:32:49.178;3696;40.35;20;;;;;
19/01/2023;02:32:49.354;3691;40.35;20;;;;;
19/01/2023;02:32:49.559;3698;40.35;20;;;;;
19/01/2023;02:32:49.758;3681;40.35;20;;;;;
19/01/2023;02:32:49.961;3678;40.35;20;;;;;
19/01/2023;02:32:50.170;3695;40.35;20;;;;;
19/01/2023;02:32:50.377;3680;40.35;20;;;;;
19/01/2023;02:32:50.585;3686;40.35;20;;;;;
19/01/2023;02:32:50.793;3700;40.35;20;;;;;
19/01/2023;02:32:51.002;3719;40.35;20;;;;;
19/01/2023;02:32:51.210;3701;40.35;20;;;;;
19/01/2023;02:32:51.418;3708;40.35;20;;;;;
19/01/2023;02:32:51.626;3698;40.35;20;;;;;
19/01/2023;02:32:51.834;3701;40.35;20;;;;;
19/01/2023;02:32:52.041;3687;40.35;20;;;;;
19/01/2023;02:32:52.251;3686;40.35;20;;;;;
19/01/2023;02:32:52.458;3665;40.35;20;;;;;
19/01/2023;02:32:52.683;3694;40.35;20;;;;;
19/01/2023;02:32:52.890;3687;40.35;20;;;;;
19/01/2023;02:32:53.114;3675;40.35;20;;;;;
19/01/2023;02:32:53.323;3687;40.35;20;;;;;
19/01/2023;02:32:53.483;3685;40.35;20;;;;;
19/01/2023;02:32:53.680;3667;40.35;20;;;;;
19/01/2023;02:32:53.884;3650;40.35;20;;;;;
19/01/2023;02:32:54.092;3666;40.35;20;;;;;
19/01/2023;02:32:54.299;3643;40.35;20;;;;;
19/01/2023;02:32:54.508;3643;40.35;20;;;;;
19/01/2023;02:32:54.716;3665;40.35;20;;;;;
19/01/2023;02:32:54.924;3662;40.35;20;;;;;
19/01/2023;02:32:55.132;3654;40.35;20;;;;;
19/01/2023;02:32:55.340;3662;40.35;20;;;;;
19/01/2023;02:32:55.549;3664;40.35;20;;;;;
19/01/2023;02:32:55.756;3670;40.35;20;;;;;
19/01/2023;02:32:55.966;3652;40.35;20;;;;;
19/01/2023;02:32:56.173;3651;40.35;20;;;;;
19/01/2023;02:32:56.381;3674;40.32;20;;;;;
19/01/2023;02:32:56.588;3659;40.32;20;;;;;
19/01/2023;02:32:56.797;3664;40.32;20;;;;;
19/01/2023;02:32:57.005;3681;40.32;20;;;;;
19/01/2023;02:32:57.223;3668;40.32;20;;;;;
19/01/2023;02:32:57.438;3697;40.32;20;;;;;
19/01/2023;02:32:57.599;3688;40.32;20;;;;;
19/01/2023;02:32:57.806;3686;40.32;20;;;;;
19/01/2023;02:32:58.015;3695;40.32;20;;;;;
19/01/2023;02:32:58.222;3723;40.32;20;;;;;
19/01/2023;02:32:58.431;3731;40.32;20;;;;;
19/01/2023;02:32:58.637;3763;40.32;20;;;;;
19/01/2023;02:32:58.846;3759;40.32;20;;;;;
19/01/2023;02:32:59.053;3747;40.32;20;;;;;
19/01/2023;02:32:59.262;3761;40.32;20;;;;;
19/01/2023;02:32:59.462;3764;40.32;20;;;;;
19/01/2023;02:32:59.676;3771;40.32;20;;;;;
19/01/2023;02:32:59.887;3757;40.32;20;;;;;
19/01/2023;02:33:00.095;3765;40.32;20;;;;;
19/01/2023;02:33:00.303;3752;40.32;20;;;;;
19/01/2023;02:33:00.510;3764;40.32;20;;;;;
19/01/2023;02:33:00.905;3769;40.29;20;;;;;
19/01/2023;02:33:00.920;3783;40.29;20;;;;;
19/01/2023;02:33:01.134;3770;40.29;20;;;;;
19/01/2023;02:33:01.349;3765;40.29;20;;;;;
19/01/2023;02:33:01.567;3743;40.29;20;;;;;
19/01/2023;02:33:01.727;3750;40.29;20;;;;;
19/01/2023;02:33:01.933;3739;40.29;20;;;;;
19/01/2023;02:33:02.143;3740;40.29;20;;;;;
19/01/2023;02:33:02.351;3741;40.29;20;;;;;
19/01/2023;02:33:02.560;3746;40.29;20;;;;;
19/01/2023;02:33:02.766;3749;40.29;20;;;;;
19/01/2023;02:33:02.975;3752;40.29;20;;;;;
19/01/2023;02:33:03.183;3747;40.29;20;;;;;
19/01/2023;02:33:03.385;3763;40.29;20;;;;;
19/01/2023;02:33:03.583;3768;40.29;20;;;;;
19/01/2023;02:33:03.802;3726;40.29;20;;;;;
19/01/2023;02:33:04.015;3747;40.29;20;;;;;
19/01/2023;02:33:04.223;3730;40.29;20;;;;;
19/01/2023;02:33:04.433;3734;40.29;20;;;;;
19/01/2023;02:33:04.641;3748;40.26;20;;;;;
19/01/2023;02:33:04.849;3747;40.26;20;;;;;
19/01/2023;02:33:05.057;3724;40.26;20;;;;;
19/01/2023;02:33:05.265;3751;40.26;20;;;;;
19/01/2023;02:33:05.473;3726;40.26;20;;;;;
19/01/2023;02:33:05.690;3751;40.26;20;;;;;
19/01/2023;02:33:05.858;3720;40.26;20;;;;;
19/01/2023;02:33:06.066;3729;40.26;20;;;;;
19/01/2023;02:33:06.290;3737;40.26;20;;;;;
19/01/2023;02:33:06.498;3730;40.26;20;;;;;
19/01/2023;02:33:06.706;3727;40.26;20;;;;;
19/01/2023;02:33:06.899;3714;40.26;20;;;;;
19/01/2023;02:33:07.107;3721;40.26;20;;;;;
19/01/2023;02:33:07.306;3741;40.26;20;;;;;
19/01/2023;02:33:07.507;3715;40.26;20;;;;;
19/01/2023;02:33:07.715;3750;40.26;20;;;;;
19/01/2023;02:33:07.930;3740;40.26;20;;;;;
19/01/2023;02:33:08.147;3734;40.26;20;;;;;
19/01/2023;02:33:08.354;3725;40.26;20;;;;;
19/01/2023;02:33:08.562;3716;40.26;20;;;;;
19/01/2023;02:33:08.771;3726;40.26;20;;;;;
19/01/2023;02:33:08.980;3746;40.26;20;;;;;
19/01/2023;02:33:09.187;3752;40.26;20;;;;;
19/01/2023;02:33:09.396;3724;40.26;20;;;;;
19/01/2023;02:33:09.604;3736;40.26;20;;;;;
19/01/2023;02:33:09.780;3719;40.26;20;;;;;
19/01/2023;02:33:09.987;3707;40.26;20;;;;;
19/01/2023;02:33:10.196;3697;40.26;20;;;;;
19/01/2023;02:33:10.405;3685;40.26;20;;;;;
19/01/2023;02:33:10.613;3702;40.26;20;;;;;
19/01/2023;02:33:10.821;3686;40.26;20;;;;;
19/01/2023;02:33:11.026;3686;40.26;20;;;;;
19/01/2023;02:33:11.227;3708;40.22;20;;;;;
19/01/2023;02:33:11.429;3679;40.22;20;;;;;
19/01/2023;02:33:11.637;3692;40.22;20;;;;;
19/01/2023;02:33:11.844;3697;40.22;20;;;;;
19/01/2023;02:33:12.059;3707;40.22;20;;;;;
19/01/2023;02:33:12.276;3707;40.22;20;;;;;
19/01/2023;02:33:12.486;3691;40.22;20;;;;;
19/01/2023;02:33:12.693;3685;40.22;20;;;;;
19/01/2023;02:33:12.902;3699;40.22;20;;;;;
19/01/2023;02:33:13.110;3691;40.22;20;;;;;
19/01/2023;02:33:13.317;3683;40.22;20;;;;;
19/01/2023;02:33:13.525;3707;40.22;20;;;;;
19/01/2023;02:33:13.733;3702;40.22;20;;;;;
19/01/2023;02:33:13.909;3703;40.22;20;;;;;
19/01/2023;02:33:14.118;3717;40.22;20;;;;;
19/01/2023;02:33:14.325;3710;40.22;20;;;;;
19/01/2023;02:33:14.535;3694;40.22;20;;;;;
19/01/2023;02:33:14.742;3688;40.22;20;;;;;
19/01/2023;02:33:14.949;3679;40.22;20;;;;;
19/01/2023;02:33:15.148;3678;40.22;20;;;;;
19/01/2023;02:33:15.351;3683;40.22;20;;;;;
19/01/2023;02:33:15.559;3671;40.22;20;;;;;
19/01/2023;02:33:15.767;3679;40.22;20;;;;;
19/01/2023;02:33:15.975;3706;40.22;20;;;;;
19/01/2023;02:33:16.183;3724;40.22;20;;;;;
19/01/2023;02:33:16.398;3717;40.22;20;;;;;
19/01/2023;02:33:16.613;3726;40.22;20;;;;;
19/01/2023;02:33:16.824;3730;40.22;20;;;;;
19/01/2023;02:33:17.031;3739;40.22;20;;;;;
19/01/2023;02:33:17.240;3741;40.22;20;;;;;
19/01/2023;02:33:17.448;3753;40.22;20;;;;;
19/01/2023;02:33:17.655;3750;40.22;20;;;;;
19/01/2023;02:33:17.865;3758;40.22;20;;;;;
19/01/2023;02:33:18.040;3755;40.22;20;;;;;
19/01/2023;02:33:18.249;3787;40.22;20;;;;;
19/01/2023;02:33:18.457;3768;40.22;20;;;;;
19/01/2023;02:33:18.665;3772;40.22;20;;;;;
19/01/2023;02:33:18.873;3758;40.22;20;;;;;
19/01/2023;02:33:19.066;3732;40.22;20;;;;;
19/01/2023;02:33:19.273;3727;40.22;20;;;;;
19/01/2023;02:33:19.480;3725;40.22;20;;;;;
19/01/2023;02:33:19.690;3713;40.22;20;;;;;
19/01/2023;02:33:19.898;3705;40.22;20;;;;;
19/01/2023;02:33:20.105;3689;40.22;20;;;;;
19/01/2023;02:33:20.315;3693;40.22;20;;;;;
19/01/2023;02:33:20.522;3676;40.22;20;;;;;
19/01/2023;02:33:20.736;3677;40.22;20;;;;;
19/01/2023;02:33:20.952;3668;40.22;20;;;;;
19/01/2023;02:33:21.163;3667;40.22;20;;;;;
19/01/2023;02:33:21.370;3656;40.22;20;;;;;
19/01/2023;02:33:21.579;3648;40.22;20;;;;;
19/01/2023;02:33:21.786;3654;40.26;20;;;;;
19/01/2023;02:33:21.994;3665;40.22;20;;;;;
19/01/2023;02:33:22.170;3633;40.22;20;;;;;
19/01/2023;02:33:22.380;3629;40.22;20;;;;;
19/01/2023;02:33:22.588;3618;40.22;20;;;;;
19/01/2023;02:33:22.788;3620;40.26;20;;;;;
19/01/2023;02:33:22.988;3623;40.26;20;;;;;
19/01/2023;02:33:23.197;3617;40.26;20;;;;;
19/01/2023;02:33:23.403;3620;40.26;20;;;;;
19/01/2023;02:33:23.611;3599;40.26;20;;;;;
19/01/2023;02:33:23.821;3618;40.26;20;;;;;
19/01/2023;02:33:24.028;3611;40.26;20;;;;;
19/01/2023;02:33:24.236;3620;40.26;20;;;;;
19/01/2023;02:33:24.444;3614;40.26;20;;;;;
19/01/2023;02:33:24.652;3603;40.26;20;;;;;
19/01/2023;02:33:24.861;3613;40.26;20;;;;;
19/01/2023;02:33:25.079;3617;40.26;20;;;;;
19/01/2023;02:33:25.293;3625;40.26;20;;;;;
19/01/2023;02:33:25.500;3643;40.26;20;;;;;
19/01/2023;02:33:25.710;3655;40.26;20;;;;;
19/01/2023;02:33:25.917;3602;40.29;20;;;;;
19/01/2023;02:33:26.093;3616;40.29;20;;;;;
19/01/2023;02:33:26.300;3639;40.29;20;;;;;
19/01/2023;02:33:26.509;3636;40.29;20;;;;;
19/01/2023;02:33:26.708;3612;40.29;20;;;;;
19/01/2023;02:33:26.924;3624;40.29;20;;;;;
19/01/2023;02:33:27.133;3626;40.29;20;;;;;
19/01/2023;02:33:27.327;3624;40.29;20;;;;;
19/01/2023;02:33:27.533;3645;40.29;20;;;;;
19/01/2023;02:33:27.742;3646;40.29;20;;;;;
19/01/2023;02:33:27.950;3635;40.29;20;;;;;
19/01/2023;02:33:28.159;3621;40.29;20;;;;;
19/01/2023;02:33:28.365;3621;40.29;20;;;;;
19/01/2023;02:33:28.574;3617;40.29;20;;;;;
19/01/2023;02:33:28.783;3628;40.29;20;;;;;
19/01/2023;02:33:28.991;3641;40.29;20;;;;;
19/01/2023;02:33:29.205;3651;40.29;20;;;;;
19/01/2023;02:33:29.422;3631;40.29;20;;;;;
19/01/2023;02:33:29.631;3645;40.29;20;;;;;
19/01/2023;02:33:29.840;3637;40.32;20;;;;;
19/01/2023;02:33:30.047;3661;40.32;20;;;;;
19/01/2023;02:33:30.223;3650;40.32;20;;;;;
19/01/2023;02:33:30.430;3635;40.32;20;;;;;
19/01/2023;02:33:30.630;3632;40.32;20;;;;;
19/01/2023;02:33:30.833;3636;40.32;20;;;;;
19/01/2023;02:33:31.041;3630;40.32;20;;;;;
19/01/2023;02:33:31.248;3625;40.32;20;;;;;
19/01/2023;02:33:31.456;3640;40.32;20;;;;;
19/01/2023;02:33:31.664;3624;40.32;20;;;;;
19/01/2023;02:33:31.873;3629;40.32;20;;;;;
19/01/2023;02:33:32.082;3632;40.32;20;;;;;
19/01/2023;02:33:32.288;3649;40.32;20;;;;;
19/01/2023;02:33:32.496;3649;40.35;20;;;;;
19/01/2023;02:33:32.706;3661;40.35;20;;;;;
19/01/2023;02:33:32.913;3634;40.35;20;;;;;
19/01/2023;02:33:33.123;3637;40.35;20;;;;;
19/01/2023;02:33:33.329;3619;40.35;20;;;;;
19/01/2023;02:33:33.545;3631;40.35;20;;;;;
19/01/2023;02:33:33.762;3624;40.35;20;;;;;
19/01/2023;02:33:33.968;3642;40.35;20;;;;;
19/01/2023;02:33:34.178;3630;40.35;20;;;;;
19/01/2023;02:33:34.351;3613;40.35;20;;;;;
19/01/2023;02:33:34.550;3613;40.35;20;;;;;
19/01/2023;02:33:34.754;3600;40.35;20;;;;;
19/01/2023;02:33:34.963;3585;40.35;20;;;;;
19/01/2023;02:33:35.171;3598;40.35;20;;;;;
19/01/2023;02:33:35.379;3584;40.35;20;;;;;
19/01/2023;02:33:35.587;3591;40.35;20;;;;;
19/01/2023;02:33:35.794;3572;40.35;20;;;;;
19/01/2023;02:33:36.003;3582;40.35;20;;;;;
19/01/2023;02:33:36.210;3585;40.35;20;;;;;
19/01/2023;02:33:36.417;3581;40.35;20;;;;;
19/01/2023;02:33:36.627;3563;40.35;20;;;;;
19/01/2023;02:33:36.834;3574;40.35;20;;;;;
19/01/2023;02:33:37.044;3594;40.35;20;;;;;
19/01/2023;02:33:37.252;3596;40.38;20;;;;;
19/01/2023;02:33:37.459;3614;40.38;20;;;;;
19/01/2023;02:33:37.667;3590;40.38;20;;;;;
19/01/2023;02:33:37.887;3592;40.38;20;;;;;
19/01/2023;02:33:38.101;3600;40.35;20;;;;;
19/01/2023;02:33:38.268;3599;40.35;20;;;;;
19/01/2023;02:33:38.484;3581;40.35;20;;;;;
19/01/2023;02:33:38.692;3596;40.35;20;;;;;
19/01/2023;02:33:38.901;3608;40.38;20;;;;;
19/01/2023;02:33:39.093;3604;40.38;20;;;;;
19/01/2023;02:33:39.300;3598;40.38;20;;;;;
19/01/2023;02:33:39.510;3574;40.38;20;;;;;
19/01/2023;02:33:39.718;3581;40.38;20;;;;;
19/01/2023;02:33:39.924;3597;40.38;20;;;;;
19/01/2023;02:33:40.129;3586;40.38;20;;;;;
19/01/2023;02:33:40.342;3591;40.38;20;;;;;
19/01/2023;02:33:40.550;3592;40.38;20;;;;;
19/01/2023;02:33:40.759;3575;40.38;20;;;;;
19/01/2023;02:33:40.967;3566;40.38;20;;;;;
19/01/2023;02:33:41.175;3581;40.38;20;;;;;
19/01/2023;02:33:41.382;3583;40.38;20;;;;;
19/01/2023;02:33:41.590;3565;40.38;20;;;;;
19/01/2023;02:33:41.799;3581;40.38;20;;;;;
19/01/2023;02:33:42.017;3567;40.38;20;;;;;
19/01/2023;02:33:42.231;3573;40.38;20;;;;;
19/01/2023;02:33:42.391;3584;40.38;20;;;;;
19/01/2023;02:33:42.599;3583;40.38;20;;;;;
19/01/2023;02:33:42.806;3573;40.38;20;;;;;
19/01/2023;02:33:43.016;3593;40.38;20;;;;;
19/01/2023;02:33:43.224;3577;40.38;20;;;;;
19/01/2023;02:33:43.430;3588;40.38;20;;;;;
19/01/2023;02:33:43.639;3583;40.38;20;;;;;
19/01/2023;02:33:43.848;3576;40.38;20;;;;;
19/01/2023;02:33:44.052;3571;40.38;20;;;;;
19/01/2023;02:33:44.257;3570;40.38;20;;;;;
19/01/2023;02:33:44.472;3581;40.38;20;;;;;
19/01/2023;02:33:44.679;3594;40.38;20;;;;;
19/01/2023;02:33:44.888;3585;40.38;20;;;;;
19/01/2023;02:33:45.097;3571;40.38;20;;;;;
19/01/2023;02:33:45.306;3578;40.38;20;;;;;
19/01/2023;02:33:45.514;3563;40.38;20;;;;;
19/01/2023;02:33:45.720;3555;40.38;20;;;;;
19/01/2023;02:33:45.929;3558;40.38;20;;;;;
19/01/2023;02:33:46.144;3550;40.38;20;;;;;
19/01/2023;02:33:46.312;3572;40.38;20;;;;;
19/01/2023;02:33:46.522;3575;40.38;20;;;;;
19/01/2023;02:33:46.730;3584;40.38;20;;;;;
19/01/2023;02:33:46.938;3575;40.38;20;;;;;
19/01/2023;02:33:47.147;3554;40.38;20;;;;;
19/01/2023;02:33:47.355;3547;40.38;20;;;;;
19/01/2023;02:33:47.561;3555;40.38;20;;;;;
19/01/2023;02:33:47.771;3555;40.38;20;;;;;
19/01/2023;02:33:47.971;3555;40.38;20;;;;;
19/01/2023;02:33:48.171;3560;40.38;20;;;;;
19/01/2023;02:33:48.383;3546;40.38;20;;;;;
19/01/2023;02:33:48.601;3558;40.38;20;;;;;
19/01/2023;02:33:48.810;3555;40.38;20;;;;;
19/01/2023;02:33:49.019;3548;40.38;20;;;;;
19/01/2023;02:33:49.228;3537;40.38;20;;;;;
19/01/2023;02:33:49.435;3543;40.38;20;;;;;
19/01/2023;02:33:49.658;3551;40.41;20;;;;;
19/01/2023;02:33:49.851;3545;40.41;20;;;;;
19/01/2023;02:33:50.059;3557;40.41;20;;;;;
19/01/2023;02:33:50.274;3559;40.41;20;;;;;
19/01/2023;02:33:50.444;3552;40.41;20;;;;;
19/01/2023;02:33:50.652;3568;40.41;20;;;;;
19/01/2023;02:33:50.861;3564;40.41;20;;;;;
19/01/2023;02:33:51.067;3556;40.41;20;;;;;
19/01/2023;02:33:51.275;3551;40.38;20;;;;;
19/01/2023;02:33:51.484;3565;40.38;20;;;;;
19/01/2023;02:33:51.693;3588;40.38;20;;;;;
19/01/2023;02:33:51.893;3573;40.38;20;;;;;
19/01/2023;02:33:52.093;3600;40.38;20;;;;;
19/01/2023;02:33:52.300;3616;40.38;20;;;;;
19/01/2023;02:33:52.512;3585;40.41;20;;;;;
19/01/2023;02:33:52.727;3603;40.38;20;;;;;
19/01/2023;02:33:52.939;3594;40.38;20;;;;;
19/01/2023;02:33:53.149;3608;40.38;20;;;;;
19/01/2023;02:33:53.357;3633;40.38;20;;;;;
19/01/2023;02:33:53.565;3628;40.38;20;;;;;
19/01/2023;02:33:53.772;3638;40.38;20;;;;;
19/01/2023;02:33:53.980;3634;40.38;20;;;;;
19/01/2023;02:33:54.190;3628;40.38;20;;;;;
19/01/2023;02:33:54.398;3639;40.38;20;;;;;
19/01/2023;02:33:54.573;3625;40.38;20;;;;;
19/01/2023;02:33:54.782;3637;40.38;20;;;;;
19/01/2023;02:33:54.989;3630;40.38;20;;;;;
19/01/2023;02:33:55.198;3632;40.38;20;;;;;
19/01/2023;02:33:55.407;3637;40.38;20;;;;;
19/01/2023;02:33:55.614;3663;40.38;20;;;;;
19/01/2023;02:33:55.813;3661;40.38;20;;;;;
19/01/2023;02:33:56.015;3660;40.38;20;;;;;
19/01/2023;02:33:56.224;3653;40.38;20;;;;;
19/01/2023;02:33:56.432;3664;40.38;20;;;;;
19/01/2023;02:33:56.639;3637;40.38;20;;;;;
19/01/2023;02:33:56.857;3640;40.38;20;;;;;
19/01/2023;02:33:57.071;3630;40.38;20;;;;;
19/01/2023;02:33:57.279;3622;40.38;20;;;;;
19/01/2023;02:33:57.487;3611;40.38;20;;;;;
19/01/2023;02:33:57.694;3598;40.35;20;;;;;
19/01/2023;02:33:57.904;3597;40.35;20;;;;;
19/01/2023;02:33:58.112;3589;40.35;20;;;;;
19/01/2023;02:33:58.320;3593;40.35;20;;;;;
19/01/2023;02:33:58.498;3575;40.35;20;;;;;
19/01/2023;02:33:58.705;3572;40.35;20;;;;;
19/01/2023;02:33:58.912;3584;40.35;20;;;;;
19/01/2023;02:33:59.121;3595;40.35;20;;;;;
19/01/2023;02:33:59.329;3573;40.35;20;;;;;
19/01/2023;02:33:59.534;3593;40.35;20;;;;;
19/01/2023;02:33:59.733;3579;40.35;20;;;;;
19/01/2023;02:33:59.936;3603;40.35;20;;;;;
19/01/2023;02:34:00.146;3596;40.35;20;;;;;
19/01/2023;02:34:00.352;3600;40.35;20;;;;;
19/01/2023;02:34:00.561;3613;40.35;20;;;;;
19/01/2023;02:34:00.768;3602;40.32;20;;;;;
19/01/2023;02:34:00.983;3603;40.32;20;;;;;
19/01/2023;02:34:01.200;3585;40.32;20;;;;;
19/01/2023;02:34:01.408;3586;40.32;20;;;;;
19/01/2023;02:34:01.617;3603;40.32;20;;;;;
19/01/2023;02:34:01.825;3625;40.32;20;;;;;
19/01/2023;02:34:02.035;3634;40.32;20;;;;;
19/01/2023;02:34:02.241;3614;40.32;20;;;;;
19/01/2023;02:34:02.464;3632;40.32;20;;;;;
19/01/2023;02:34:02.626;3643;40.32;20;;;;;
19/01/2023;02:34:02.834;3665;40.32;20;;;;;
19/01/2023;02:34:03.043;3671;40.32;20;;;;;
19/01/2023;02:34:03.250;3653;40.32;20;;;;;
19/01/2023;02:34:03.454;3655;40.29;20;;;;;
19/01/2023;02:34:03.651;3654;40.29;20;;;;;
19/01/2023;02:34:03.858;3652;40.29;20;;;;;
19/01/2023;02:34:04.068;3634;40.29;20;;;;;
19/01/2023;02:34:04.275;3633;40.29;20;;;;;
19/01/2023;02:34:04.484;3614;40.29;20;;;;;
19/01/2023;02:34:04.693;3638;40.29;20;;;;;
19/01/2023;02:34:04.900;3613;40.29;20;;;;;
19/01/2023;02:34:05.108;3623;40.29;20;;;;;
19/01/2023;02:34:05.329;3605;40.29;20;;;;;
19/01/2023;02:34:05.541;3610;40.29;20;;;;;
19/01/2023;02:34:05.749;3604;40.29;20;;;;;
19/01/2023;02:34:05.957;3582;40.29;20;;;;;
19/01/2023;02:34:06.165;3592;40.29;20;;;;;
19/01/2023;02:34:06.372;3589;40.29;20;;;;;
19/01/2023;02:34:06.550;3603;40.29;20;;;;;
19/01/2023;02:34:06.757;3610;40.29;20;;;;;
19/01/2023;02:34:06.965;3607;40.29;20;;;;;
19/01/2023;02:34:07.173;3573;40.29;20;;;;;
19/01/2023;02:34:07.374;3589;40.29;20;;;;;
19/01/2023;02:34:07.574;3553;40.29;20;;;;;
19/01/2023;02:34:07.782;3583;40.29;20;;;;;
19/01/2023;02:34:07.990;3580;40.29;20;;;;;
19/01/2023;02:34:08.198;3571;40.29;20;;;;;
19/01/2023;02:34:08.406;3583;40.26;20;;;;;
19/01/2023;02:34:08.621;3584;40.26;20;;;;;
19/01/2023;02:34:08.821;3596;40.26;20;;;;;
19/01/2023;02:34:09.031;3610;40.26;20;;;;;
19/01/2023;02:34:09.239;3602;40.26;20;;;;;
19/01/2023;02:34:09.454;3578;40.26;20;;;;;
19/01/2023;02:34:09.671;3578;40.26;20;;;;;
19/01/2023;02:34:09.879;3569;40.26;20;;;;;
19/01/2023;02:34:10.088;3581;40.26;20;;;;;
19/01/2023;02:34:10.296;3598;40.26;20;;;;;
19/01/2023;02:34:10.503;3575;40.26;20;;;;;
19/01/2023;02:34:10.678;3566;40.26;20;;;;;
19/01/2023;02:34:10.888;3558;40.26;20;;;;;
19/01/2023;02:34:11.093;3569;40.26;20;;;;;
19/01/2023;02:34:11.292;3562;40.26;20;;;;;
19/01/2023;02:34:11.496;3544;40.22;20;;;;;
19/01/2023;02:34:11.705;3567;40.22;20;;;;;
19/01/2023;02:34:11.912;3562;40.22;20;;;;;
19/01/2023;02:34:12.119;3571;40.22;20;;;;;
19/01/2023;02:34:12.327;3567;40.22;20;;;;;
19/01/2023;02:34:12.536;3575;40.22;20;;;;;
19/01/2023;02:34:12.745;3566;40.22;20;;;;;
19/01/2023;02:34:12.952;3568;40.22;20;;;;;
19/01/2023;02:34:13.161;3571;40.22;20;;;;;
19/01/2023;02:34:13.369;3590;40.22;20;;;;;
19/01/2023;02:34:13.583;3582;40.22;20;;;;;
19/01/2023;02:34:13.799;3601;40.22;20;;;;;
19/01/2023;02:34:14.009;3592;40.22;20;;;;;
19/01/2023;02:34:14.216;3616;40.22;20;;;;;
19/01/2023;02:34:14.426;3610;40.22;20;;;;;
19/01/2023;02:34:14.601;3626;40.22;20;;;;;
19/01/2023;02:34:14.810;3654;40.22;20;;;;;
19/01/2023;02:34:15.013;3647;40.22;20;;;;;
19/01/2023;02:34:15.209;3646;40.22;20;;;;;
19/01/2023;02:34:15.417;3658;40.22;20;;;;;
19/01/2023;02:34:15.624;3634;40.22;20;;;;;
19/01/2023;02:34:15.833;3618;40.22;20;;;;;
19/01/2023;02:34:16.041;3624;40.22;20;;;;;
19/01/2023;02:34:16.250;3592;40.22;20;;;;;
19/01/2023;02:34:16.459;3611;40.22;20;;;;;
19/01/2023;02:34:16.666;3600;40.22;20;;;;;
19/01/2023;02:34:16.874;3608;40.22;20;;;;;
19/01/2023;02:34:17.083;3602;40.22;20;;;;;
19/01/2023;02:34:17.292;3598;40.22;20;;;;;
19/01/2023;02:34:17.499;3601;40.22;20;;;;;
19/01/2023;02:34:17.707;3583;40.22;20;;;;;
19/01/2023;02:34:17.924;3603;40.19;20;;;;;
19/01/2023;02:34:18.138;3591;40.19;20;;;;;
19/01/2023;02:34:18.347;3587;40.19;20;;;;;
19/01/2023;02:34:18.555;3577;40.19;20;;;;;
19/01/2023;02:34:18.732;3569;40.22;20;;;;;
19/01/2023;02:34:18.935;3585;40.19;20;;;;;
19/01/2023;02:34:19.131;3592;40.19;20;;;;;
19/01/2023;02:34:19.340;3567;40.19;20;;;;;
19/01/2023;02:34:19.548;3558;40.19;20;;;;;
19/01/2023;02:34:19.755;3573;40.19;20;;;;;
19/01/2023;02:34:19.965;3593;40.19;20;;;;;
19/01/2023;02:34:20.172;3606;40.19;20;;;;;
19/01/2023;02:34:20.379;3589;40.19;20;;;;;
19/01/2023;02:34:20.589;3572;40.22;20;;;;;
19/01/2023;02:34:20.798;3607;40.19;20;;;;;
19/01/2023;02:34:21.006;3592;40.22;20;;;;;
19/01/2023;02:34:21.212;3581;40.22;20;;;;;
19/01/2023;02:34:21.420;3580;40.22;20;;;;;
19/01/2023;02:34:21.630;3579;40.22;20;;;;;
19/01/2023;02:34:21.837;3579;40.22;20;;;;;
19/01/2023;02:34:22.045;3564;40.22;20;;;;;
19/01/2023;02:34:22.264;3576;40.22;20;;;;;
19/01/2023;02:34:22.493;3577;40.22;20;;;;;
19/01/2023;02:34:22.686;3573;40.22;20;;;;;
19/01/2023;02:34:22.855;3582;40.22;20;;;;;
19/01/2023;02:34:23.055;3585;40.22;20;;;;;
19/01/2023;02:34:23.261;3584;40.22;20;;;;;
19/01/2023;02:34:23.469;3582;40.22;20;;;;;
19/01/2023;02:34:23.677;3587;40.22;20;;;;;
19/01/2023;02:34:23.885;3585;40.22;20;;;;;
19/01/2023;02:34:24.093;3581;40.22;20;;;;;
19/01/2023;02:34:24.302;3603;40.22;20;;;;;
19/01/2023;02:34:24.510;3579;40.22;20;;;;;
19/01/2023;02:34:24.718;3576;40.22;20;;;;;
19/01/2023;02:34:24.926;3590;40.22;20;;;;;
19/01/2023;02:34:25.134;3600;40.22;20;;;;;
19/01/2023;02:34:25.343;3591;40.22;20;;;;;
19/01/2023;02:34:25.551;3588;40.22;20;;;;;
19/01/2023;02:34:25.758;3588;40.22;20;;;;;
19/01/2023;02:34:25.967;3639;40.22;20;;;;;
19/01/2023;02:34:26.174;3639;40.22;20;;;;;
19/01/2023;02:34:26.390;3620;40.22;20;;;;;
19/01/2023;02:34:26.606;3636;40.22;20;;;;;
19/01/2023;02:34:26.816;3640;40.26;20;;;;;
19/01/2023;02:34:26.975;3660;40.26;20;;;;;
19/01/2023;02:34:27.183;3663;40.26;20;;;;;
19/01/2023;02:34:27.392;3652;40.26;20;;;;;
19/01/2023;02:34:27.601;3683;40.26;20;;;;;
19/01/2023;02:34:27.808;3679;40.26;20;;;;;
19/01/2023;02:34:28.016;3676;40.26;20;;;;;
19/01/2023;02:34:28.225;3678;40.26;20;;;;;
19/01/2023;02:34:28.432;3674;40.26;20;;;;;
19/01/2023;02:34:28.636;3689;40.29;20;;;;;
19/01/2023;02:34:28.842;3670;40.26;20;;;;;
19/01/2023;02:34:29.058;3676;40.29;20;;;;;
19/01/2023;02:34:29.264;3678;40.29;20;;;;;
19/01/2023;02:34:29.474;3673;40.29;20;;;;;
19/01/2023;02:34:29.682;3675;40.29;20;;;;;
19/01/2023;02:34:29.890;3685;40.29;20;;;;;
19/01/2023;02:34:30.098;3672;40.29;20;;;;;
19/01/2023;02:34:30.306;3675;40.29;20;;;;;
19/01/2023;02:34:30.515;3649;40.29;20;;;;;
19/01/2023;02:34:30.731;3667;40.29;20;;;;;
19/01/2023;02:34:30.898;3656;40.29;20;;;;;
19/01/2023;02:34:31.107;3646;40.29;20;;;;;
19/01/2023;02:34:31.315;3655;40.29;20;;;;;
19/01/2023;02:34:31.523;3658;40.29;20;;;;;
19/01/2023;02:34:31.730;3651;40.29;20;;;;;
19/01/2023;02:34:31.939;3653;40.29;20;;;;;
19/01/2023;02:34:32.148;3666;40.32;20;;;;;
19/01/2023;02:34:32.354;3658;40.32;20;;;;;
19/01/2023;02:34:32.557;3687;40.32;20;;;;;
19/01/2023;02:34:32.755;3669;40.32;20;;;;;
19/01/2023;02:34:32.963;3677;40.32;20;;;;;
19/01/2023;02:34:33.183;3691;40.32;20;;;;;
19/01/2023;02:34:33.395;3691;40.32;20;;;;;
19/01/2023;02:34:33.603;3688;40.32;20;;;;;
19/01/2023;02:34:33.812;3694;40.32;20;;;;;
19/01/2023;02:34:34.020;3706;40.32;20;;;;;
19/01/2023;02:34:34.229;3719;40.32;20;;;;;
19/01/2023;02:34:34.437;3711;40.32;20;;;;;
19/01/2023;02:34:34.644;3729;40.32;20;;;;;
19/01/2023;02:34:34.853;3721;40.32;20;;;;;
19/01/2023;02:34:35.028;3740;40.32;20;;;;;
19/01/2023;02:34:35.237;3736;40.32;20;;;;;
19/01/2023;02:34:35.445;3739;40.32;20;;;;;
19/01/2023;02:34:35.653;3748;40.32;20;;;;;
19/01/2023;02:34:35.861;3731;40.35;20;;;;;
19/01/2023;02:34:36.068;3735;40.35;20;;;;;
19/01/2023;02:34:36.275;3730;40.35;20;;;;;
19/01/2023;02:34:36.476;3728;40.35;20;;;;;
19/01/2023;02:34:36.677;3732;40.35;20;;;;;
19/01/2023;02:34:36.885;3715;40.35;20;;;;;
19/01/2023;02:34:37.093;3714;40.35;20;;;;;
19/01/2023;02:34:37.308;3699;40.35;20;;;;;
19/01/2023;02:34:37.524;3699;40.35;20;;;;;
19/01/2023;02:34:37.733;3696;40.35;20;;;;;
19/01/2023;02:34:37.941;3683;40.35;20;;;;;
19/01/2023;02:34:38.151;3691;40.35;20;;;;;
19/01/2023;02:34:38.358;3690;40.38;20;;;;;
19/01/2023;02:34:38.566;3696;40.35;20;;;;;
19/01/2023;02:34:38.774;3674;40.35;20;;;;;
19/01/2023;02:34:38.983;3679;40.35;20;;;;;
19/01/2023;02:34:39.157;3692;40.38;20;;;;;
19/01/2023;02:34:39.367;3685;40.38;20;;;;;
19/01/2023;02:34:39.574;3700;40.38;20;;;;;
19/01/2023;02:34:39.781;3672;40.38;20;;;;;
19/01/2023;02:34:39.990;3666;40.38;20;;;;;
19/01/2023;02:34:40.198;3673;40.38;20;;;;;
19/01/2023;02:34:40.397;3658;40.38;20;;;;;
19/01/2023;02:34:40.599;3639;40.38;20;;;;;
19/01/2023;02:34:40.807;3651;40.38;20;;;;;
19/01/2023;02:34:41.016;3631;40.38;20;;;;;
19/01/2023;02:34:41.224;3642;40.38;20;;;;;
19/01/2023;02:34:41.431;3635;40.38;20;;;;;
19/01/2023;02:34:41.651;3657;40.38;20;;;;;
19/01/2023;02:34:41.863;3646;40.38;20;;;;;
19/01/2023;02:34:42.073;3657;40.38;20;;;;;
19/01/2023;02:34:42.280;3647;40.38;20;;;;;
19/01/2023;02:34:42.487;3666;40.38;20;;;;;
19/01/2023;02:34:42.697;3673;40.38;20;;;;;
19/01/2023;02:34:42.905;3677;40.41;20;;;;;
19/01/2023;02:34:43.081;3695;40.41;20;;;;;
19/01/2023;02:34:43.288;3672;40.41;20;;;;;
19/01/2023;02:34:43.498;3672;40.41;20;;;;;
19/01/2023;02:34:43.705;3683;40.41;20;;;;;
19/01/2023;02:34:43.914;3716;40.41;20;;;;;
19/01/2023;02:34:44.118;3679;40.41;20;;;;;
19/01/2023;02:34:44.318;3687;40.41;20;;;;;
19/01/2023;02:34:44.521;3686;40.41;20;;;;;
19/01/2023;02:34:44.729;3665;40.41;20;;;;;
19/01/2023;02:34:44.937;3684;40.41;20;;;;;
19/01/2023;02:34:45.147;3696;40.41;20;;;;;
19/01/2023;02:34:45.354;3690;40.41;20;;;;;
19/01/2023;02:34:45.562;3715;40.41;20;;;;;
19/01/2023;02:34:45.776;3734;40.41;20;;;;;
19/01/2023;02:34:45.993;3734;40.41;20;;;;;
19/01/2023;02:34:46.204;3737;40.41;20;;;;;
19/01/2023;02:34:46.410;3755;40.41;20;;;;;
19/01/2023;02:34:46.619;3753;40.41;20;;;;;
19/01/2023;02:34:46.828;3779;40.41;20;;;;;
19/01/2023;02:34:47.035;3783;40.41;20;;;;;
19/01/2023;02:34:47.211;3796;40.41;20;;;;;
19/01/2023;02:34:47.419;3808;40.41;20;;;;;
19/01/2023;02:34:47.627;3820;40.41;20;;;;;
19/01/2023;02:34:47.835;3838;40.41;20;;;;;
19/01/2023;02:34:48.038;3830;40.41;20;;;;;
19/01/2023;02:34:48.235;3822;40.41;20;;;;;
19/01/2023;02:34:48.442;3828;40.41;20;;;;;
19/01/2023;02:34:48.652;3824;40.41;20;;;;;
19/01/2023;02:34:48.859;3816;40.41;20;;;;;
19/01/2023;02:34:49.068;3791;40.41;20;;;;;
19/01/2023;02:34:49.277;3757;40.41;20;;;;;
19/01/2023;02:34:49.484;3760;40.41;20;;;;;
19/01/2023;02:34:49.693;3758;40.41;20;;;;;
19/01/2023;02:34:49.900;3780;40.41;20;;;;;
19/01/2023;02:34:50.118;3772;40.41;20;;;;;
19/01/2023;02:34:50.334;3744;40.41;20;;;;;
19/01/2023;02:34:50.542;3723;40.41;20;;;;;
19/01/2023;02:34:50.750;3715;40.41;20;;;;;
19/01/2023;02:34:50.957;3716;40.41;20;;;;;
19/01/2023;02:34:51.164;3711;40.41;20;;;;;
19/01/2023;02:34:51.341;3716;40.41;20;;;;;
19/01/2023;02:34:51.549;3724;40.41;20;;;;;
19/01/2023;02:34:51.757;3722;40.41;20;;;;;
19/01/2023;02:34:51.959;3757;40.41;20;;;;;
19/01/2023;02:34:52.159;3764;40.41;20;;;;;
19/01/2023;02:34:52.367;3793;40.41;20;;;;;
19/01/2023;02:34:52.575;3795;40.41;20;;;;;
19/01/2023;02:34:52.782;3824;40.41;20;;;;;
19/01/2023;02:34:52.991;3848;40.41;20;;;;;
19/01/2023;02:34:53.199;3856;40.41;20;;;;;
19/01/2023;02:34:53.407;3879;40.41;20;;;;;
19/01/2023;02:34:53.615;3907;40.41;20;;;;;
19/01/2023;02:34:53.822;3933;40.41;20;;;;;
19/01/2023;02:34:54.030;3950;40.41;20;;;;;
19/01/2023;02:34:54.244;3959;40.41;20;;;;;
19/01/2023;02:34:54.463;3987;40.41;20;;;;;
19/01/2023;02:34:54.672;3988;40.41;20;;;;;
19/01/2023;02:34:54.880;4030;40.41;20;;;;;
19/01/2023;02:34:55.087;4019;40.41;20;;;;;
19/01/2023;02:34:55.295;4022;40.41;20;;;;;
19/01/2023;02:34:55.472;4047;40.38;20;;;;;
19/01/2023;02:34:55.681;4064;40.41;20;;;;;
19/01/2023;02:34:55.881;4062;40.38;20;;;;;
19/01/2023;02:34:56.080;4084;40.38;20;;;;;
19/01/2023;02:34:56.289;4085;40.38;20;;;;;
19/01/2023;02:34:56.496;4081;40.38;20;;;;;
19/01/2023;02:34:56.705;4084;40.38;20;;;;;
19/01/2023;02:34:56.912;4078;40.38;20;;;;;
19/01/2023;02:34:57.121;4053;40.38;20;;;;;
19/01/2023;02:34:57.329;4047;40.38;20;;;;;
19/01/2023;02:34:57.537;4027;40.38;20;;;;;
19/01/2023;02:34:57.746;4011;40.38;20;;;;;
19/01/2023;02:34:57.954;4005;40.38;20;;;;;
19/01/2023;02:34:58.161;3989;40.38;20;;;;;
19/01/2023;02:34:58.370;3956;40.38;20;;;;;
19/01/2023;02:34:58.587;3924;40.38;20;;;;;
19/01/2023;02:34:58.801;3871;40.38;20;;;;;
19/01/2023;02:34:59.010;3816;40.38;20;;;;;
19/01/2023;02:34:59.218;3802;40.38;20;;;;;
19/01/2023;02:34:59.392;3786;40.35;20;;;;;
19/01/2023;02:34:59.602;3754;40.35;20;;;;;
19/01/2023;02:34:59.800;3737;40.35;20;;;;;
19/01/2023;02:35:00.003;3729;40.35;20;;;;;
19/01/2023;02:35:00.210;3715;40.38;20;;;;;
19/01/2023;02:35:00.417;3725;40.35;20;;;;;
19/01/2023;02:35:00.627;3748;40.35;20;;;;;
19/01/2023;02:35:00.835;3784;40.35;20;;;;;
19/01/2023;02:35:01.041;3790;40.35;20;;;;;
19/01/2023;02:35:01.250;3807;40.35;20;;;;;
19/01/2023;02:35:01.458;3827;40.35;20;;;;;
19/01/2023;02:35:01.666;3855;40.35;20;;;;;
19/01/2023;02:35:01.875;3861;40.35;20;;;;;
19/01/2023;02:35:02.084;3907;40.35;20;;;;;
19/01/2023;02:35:02.291;3961;40.35;20;;;;;
19/01/2023;02:35:02.499;3997;40.35;20;;;;;
19/01/2023;02:35:02.714;4025;40.35;20;;;;;
19/01/2023;02:35:02.933;4062;40.35;20;;;;;
19/01/2023;02:35:03.139;4099;40.35;20;;;;;
19/01/2023;02:35:03.346;4080;40.35;20;;;;;
19/01/2023;02:35:03.523;4108;40.35;20;;;;;
19/01/2023;02:35:03.722;4095;40.35;20;;;;;
19/01/2023;02:35:03.924;4093;40.35;20;;;;;
19/01/2023;02:35:04.133;4109;40.35;20;;;;;
19/01/2023;02:35:04.341;4097;40.32;20;;;;;
19/01/2023;02:35:04.548;4111;40.32;20;;;;;
19/01/2023;02:35:04.757;4077;40.32;20;;;;;
19/01/2023;02:35:04.966;4044;40.32;20;;;;;
19/01/2023;02:35:05.174;4006;40.32;20;;;;;
19/01/2023;02:35:05.380;4009;40.32;20;;;;;
19/01/2023;02:35:05.589;4029;40.32;20;;;;;
19/01/2023;02:35:05.797;4035;40.32;20;;;;;
19/01/2023;02:35:06.005;4030;40.32;20;;;;;
19/01/2023;02:35:06.215;4045;40.32;20;;;;;
19/01/2023;02:35:06.422;4024;40.32;20;;;;;
19/01/2023;02:35:06.630;4016;40.32;20;;;;;
19/01/2023;02:35:06.839;4034;40.32;20;;;;;
19/01/2023;02:35:07.053;4029;40.32;20;;;;;
19/01/2023;02:35:07.271;4004;40.32;20;;;;;
19/01/2023;02:35:07.478;4022;40.32;20;;;;;
19/01/2023;02:35:07.643;4022;40.32;20;;;;;
19/01/2023;02:35:07.847;4020;40.32;20;;;;;
19/01/2023;02:35:08.055;4024;40.32;20;;;;;
19/01/2023;02:35:08.263;4016;40.29;20;;;;;
19/01/2023;02:35:08.472;4013;40.29;20;;;;;
19/01/2023;02:35:08.680;4005;40.29;20;;;;;
19/01/2023;02:35:08.888;3980;40.29;20;;;;;
19/01/2023;02:35:09.096;3968;40.29;20;;;;;
19/01/2023;02:35:09.320;3932;40.29;20;;;;;
19/01/2023;02:35:09.511;3929;40.29;20;;;;;
19/01/2023;02:35:09.721;3908;40.29;20;;;;;
19/01/2023;02:35:09.928;3873;40.29;20;;;;;
19/01/2023;02:35:10.135;3848;40.29;20;;;;;
19/01/2023;02:35:10.343;3836;40.29;20;;;;;
19/01/2023;02:35:10.551;3820;40.29;20;;;;;
19/01/2023;02:35:10.759;3772;40.29;20;;;;;
19/01/2023;02:35:10.968;3741;40.29;20;;;;;
19/01/2023;02:35:11.180;3708;40.29;20;;;;;
19/01/2023;02:35:11.397;3710;40.29;20;;;;;
19/01/2023;02:35:11.560;3717;40.29;20;;;;;
19/01/2023;02:35:11.768;3686;40.26;20;;;;;
19/01/2023;02:35:11.975;3666;40.26;20;;;;;
19/01/2023;02:35:12.185;3655;40.26;20;;;;;
19/01/2023;02:35:12.393;3639;40.26;20;;;;;
19/01/2023;02:35:12.600;3653;40.26;20;;;;;
19/01/2023;02:35:12.809;3636;40.26;20;;;;;
19/01/2023;02:35:13.018;3623;40.26;20;;;;;
19/01/2023;02:35:13.224;3631;40.26;20;;;;;
19/01/2023;02:35:13.424;3631;40.26;20;;;;;
19/01/2023;02:35:13.636;3632;40.26;20;;;;;
19/01/2023;02:35:13.850;3625;40.26;20;;;;;
19/01/2023;02:35:14.058;3638;40.26;20;;;;;
19/01/2023;02:35:14.265;3629;40.26;20;;;;;
19/01/2023;02:35:14.474;3623;40.26;20;;;;;
19/01/2023;02:35:14.683;3594;40.26;20;;;;;
19/01/2023;02:35:14.891;3605;40.26;20;;;;;
19/01/2023;02:35:15.099;3639;40.26;20;;;;;
19/01/2023;02:35:15.306;3657;40.26;20;;;;;
19/01/2023;02:35:15.526;3672;40.26;20;;;;;
19/01/2023;02:35:15.690;3708;40.26;20;;;;;
19/01/2023;02:35:15.899;3714;40.26;20;;;;;
19/01/2023;02:35:16.106;3741;40.26;20;;;;;
19/01/2023;02:35:16.314;3767;40.26;20;;;;;
19/01/2023;02:35:16.524;3776;40.22;20;;;;;
19/01/2023;02:35:16.732;3799;40.22;20;;;;;
19/01/2023;02:35:16.939;3802;40.22;20;;;;;
19/01/2023;02:35:17.144;3818;40.22;20;;;;;
19/01/2023;02:35:17.344;3831;40.22;20;;;;;
19/01/2023;02:35:17.548;3858;40.22;20;;;;;
19/01/2023;02:35:17.762;3873;40.22;20;;;;;
19/01/2023;02:35:17.978;3891;40.22;20;;;;;
19/01/2023;02:35:18.189;3893;40.22;20;;;;;
19/01/2023;02:35:18.398;3894;40.22;20;;;;;
19/01/2023;02:35:18.604;3915;40.22;20;;;;;
19/01/2023;02:35:18.814;3897;40.22;20;;;;;
19/01/2023;02:35:19.021;3880;40.22;20;;;;;
19/01/2023;02:35:19.230;3873;40.22;20;;;;;
19/01/2023;02:35:19.438;3863;40.22;20;;;;;
19/01/2023;02:35:19.652;3867;40.22;20;;;;;
19/01/2023;02:35:19.822;3875;40.22;20;;;;;
19/01/2023;02:35:20.031;3850;40.22;20;;;;;
19/01/2023;02:35:20.237;3836;40.22;20;;;;;
19/01/2023;02:35:20.445;3838;40.22;20;;;;;
19/01/2023;02:35:20.654;3838;40.22;20;;;;;
19/01/2023;02:35:20.863;3820;40.22;20;;;;;
19/01/2023;02:35:21.063;3812;40.22;20;;;;;
19/01/2023;02:35:21.263;3817;40.22;20;;;;;
19/01/2023;02:35:21.472;3820;40.22;20;;;;;
19/01/2023;02:35:21.680;3820;40.22;20;;;;;
19/01/2023;02:35:21.885;3824;40.22;20;;;;;
19/01/2023;02:35:22.105;3811;40.22;20;;;;;
19/01/2023;02:35:22.319;3816;40.22;20;;;;;
19/01/2023;02:35:22.527;3811;40.22;20;;;;;
19/01/2023;02:35:22.734;3812;40.22;20;;;;;
19/01/2023;02:35:22.943;3815;40.22;20;;;;;
19/01/2023;02:35:23.151;3814;40.22;20;;;;;
19/01/2023;02:35:23.359;3792;40.22;20;;;;;
19/01/2023;02:35:23.566;3783;40.22;20;;;;;
19/01/2023;02:35:23.742;3789;40.22;20;;;;;
19/01/2023;02:35:23.952;3800;40.22;20;;;;;
19/01/2023;02:35:24.160;3802;40.22;20;;;;;
19/01/2023;02:35:24.368;3795;40.22;20;;;;;
19/01/2023;02:35:24.575;3796;40.22;20;;;;;
19/01/2023;02:35:24.783;3784;40.22;20;;;;;
19/01/2023;02:35:24.983;3808;40.22;20;;;;;
19/01/2023;02:35:25.185;3806;40.22;20;;;;;
19/01/2023;02:35:25.391;3819;40.22;20;;;;;
19/01/2023;02:35:25.600;3805;40.22;20;;;;;
19/01/2023;02:35:25.808;3813;40.22;20;;;;;
19/01/2023;02:35:26.017;3809;40.22;20;;;;;
19/01/2023;02:35:26.240;3813;40.22;20;;;;;
19/01/2023;02:35:26.465;3798;40.22;20;;;;;
19/01/2023;02:35:26.658;3802;40.22;20;;;;;
19/01/2023;02:35:26.865;3776;40.22;20;;;;;
19/01/2023;02:35:27.074;3781;40.22;20;;;;;
19/01/2023;02:35:27.281;3773;40.22;20;;;;;
19/01/2023;02:35:27.490;3757;40.22;20;;;;;
19/01/2023;02:35:27.698;3749;40.22;20;;;;;
19/01/2023;02:35:27.874;3777;40.22;20;;;;;
19/01/2023;02:35:28.081;3775;40.22;20;;;;;
19/01/2023;02:35:28.291;3760;40.22;20;;;;;
19/01/2023;02:35:28.498;3777;40.22;20;;;;;
19/01/2023;02:35:28.705;3784;40.26;20;;;;;
19/01/2023;02:35:28.904;3791;40.26;20;;;;;
19/01/2023;02:35:29.106;3801;40.26;20;;;;;
19/01/2023;02:35:29.315;3808;40.26;20;;;;;
19/01/2023;02:35:29.522;3811;40.26;20;;;;;
19/01/2023;02:35:29.729;3857;40.26;20;;;;;
19/01/2023;02:35:29.940;3855;40.26;20;;;;;
19/01/2023;02:35:30.148;3886;40.26;20;;;;;
19/01/2023;02:35:30.360;3875;40.26;20;;;;;
19/01/2023;02:35:30.576;3856;40.26;20;;;;;
19/01/2023;02:35:30.788;3870;40.26;20;;;;;
19/01/2023;02:35:30.996;3878;40.26;20;;;;;
19/01/2023;02:35:31.205;3885;40.26;20;;;;;
19/01/2023;02:35:31.412;3896;40.26;20;;;;;
19/01/2023;02:35:31.621;3879;40.26;20;;;;;
19/01/2023;02:35:31.797;3875;40.26;20;;;;;
19/01/2023;02:35:32.003;3858;40.26;20;;;;;
19/01/2023;02:35:32.213;3853;40.26;20;;;;;
19/01/2023;02:35:32.420;3816;40.26;20;;;;;
19/01/2023;02:35:32.626;3800;40.26;20;;;;;
19/01/2023;02:35:32.826;3796;40.26;20;;;;;
19/01/2023;02:35:33.028;3803;40.26;20;;;;;
19/01/2023;02:35:33.236;3794;40.26;20;;;;;
19/01/2023;02:35:33.444;3789;40.26;20;;;;;
19/01/2023;02:35:33.653;3777;40.29;20;;;;;
19/01/2023;02:35:33.861;3770;40.29;20;;;;;
19/01/2023;02:35:34.068;3779;40.29;20;;;;;
19/01/2023;02:35:34.276;3742;40.29;20;;;;;
19/01/2023;02:35:34.485;3733;40.29;20;;;;;
19/01/2023;02:35:34.701;3747;40.29;20;;;;;
19/01/2023;02:35:34.918;3748;40.29;20;;;;;
19/01/2023;02:35:35.125;3731;40.29;20;;;;;
19/01/2023;02:35:35.333;3738;40.29;20;;;;;
19/01/2023;02:35:35.542;3727;40.29;20;;;;;
19/01/2023;02:35:35.749;3722;40.29;20;;;;;
19/01/2023;02:35:35.926;3713;40.29;20;;;;;
19/01/2023;02:35:36.134;3723;40.29;20;;;;;
19/01/2023;02:35:36.342;3736;40.29;20;;;;;
19/01/2023;02:35:36.546;3734;40.29;20;;;;;
19/01/2023;02:35:36.746;3727;40.29;20;;;;;
19/01/2023;02:35:36.950;3710;40.32;20;;;;;
19/01/2023;02:35:37.159;3716;40.32;20;;;;;
19/01/2023;02:35:37.367;3735;40.32;20;;;;;
19/01/2023;02:35:37.576;3738;40.32;20;;;;;
19/01/2023;02:35:37.784;3754;40.32;20;;;;;
19/01/2023;02:35:37.990;3744;40.32;20;;;;;
19/01/2023;02:35:38.198;3754;40.32;20;;;;;
19/01/2023;02:35:38.408;3755;40.32;20;;;;;
19/01/2023;02:35:38.615;3760;40.32;20;;;;;
19/01/2023;02:35:38.823;3760;40.32;20;;;;;
19/01/2023;02:35:39.046;3763;40.32;20;;;;;
19/01/2023;02:35:39.272;3773;40.32;20;;;;;
19/01/2023;02:35:39.479;3744;40.32;20;;;;;
19/01/2023;02:35:39.672;3745;40.32;20;;;;;
19/01/2023;02:35:39.880;3733;40.32;20;;;;;
19/01/2023;02:35:40.055;3744;40.32;20;;;;;
19/01/2023;02:35:40.265;3734;40.32;20;;;;;
19/01/2023;02:35:40.466;3724;40.32;20;;;;;
19/01/2023;02:35:40.664;3727;40.32;20;;;;;
19/01/2023;02:35:40.872;3705;40.35;20;;;;;
19/01/2023;02:35:41.080;3698;40.35;20;;;;;
19/01/2023;02:35:41.289;3698;40.35;20;;;;;
19/01/2023;02:35:41.496;3706;40.35;20;;;;;
19/01/2023;02:35:41.712;3717;40.35;20;;;;;
19/01/2023;02:35:41.914;3716;40.35;20;;;;;
19/01/2023;02:35:42.122;3728;40.35;20;;;;;
19/01/2023;02:35:42.330;3742;40.35;20;;;;;
19/01/2023;02:35:42.538;3726;40.35;20;;;;;
19/01/2023;02:35:42.745;3752;40.35;20;;;;;
19/01/2023;02:35:42.953;3743;40.35;20;;;;;
19/01/2023;02:35:43.166;3751;40.35;20;;;;;
19/01/2023;02:35:43.382;3750;40.35;20;;;;;
19/01/2023;02:35:43.593;3750;40.35;20;;;;;
19/01/2023;02:35:43.802;3746;40.35;20;;;;;
19/01/2023;02:35:44.011;3770;40.35;20;;;;;
19/01/2023;02:35:44.188;3738;40.35;20;;;;;
19/01/2023;02:35:44.387;3761;40.35;20;;;;;
19/01/2023;02:35:44.586;3756;40.35;20;;;;;
19/01/2023;02:35:44.796;3767;40.35;20;;;;;
19/01/2023;02:35:45.003;3764;40.35;20;;;;;
19/01/2023;02:35:45.212;3767;40.35;20;;;;;
19/01/2023;02:35:45.418;3785;40.35;20;;;;;
19/01/2023;02:35:45.627;3771;40.35;20;;;;;
19/01/2023;02:35:45.834;3773;40.35;20;;;;;
19/01/2023;02:35:46.044;3761;40.38;20;;;;;
19/01/2023;02:35:46.252;3758;40.35;20;;;;;
19/01/2023;02:35:46.460;3774;40.35;20;;;;;
19/01/2023;02:35:46.667;3752;40.38;20;;;;;
19/01/2023;02:35:46.875;3731;40.38;20;;;;;
19/01/2023;02:35:47.083;3742;40.38;20;;;;;
19/01/2023;02:35:47.292;3738;40.38;20;;;;;
19/01/2023;02:35:47.511;3754;40.38;20;;;;;
19/01/2023;02:35:47.725;3752;40.38;20;;;;;
19/01/2023;02:35:47.933;3749;40.38;20;;;;;
19/01/2023;02:35:48.107;3757;40.38;20;;;;;
19/01/2023;02:35:48.307;3766;40.38;20;;;;;
19/01/2023;02:35:48.508;3792;40.35;20;;;;;
19/01/2023;02:35:48.717;3780;40.35;20;;;;;
19/01/2023;02:35:48.926;3791;40.35;20;;;;;
19/01/2023;02:35:49.133;3786;40.38;20;;;;;
19/01/2023;02:35:49.342;3790;40.38;20;;;;;
19/01/2023;02:35:49.550;3774;40.38;20;;;;;
19/01/2023;02:35:49.757;3759;40.38;20;;;;;
19/01/2023;02:35:49.965;3760;40.38;20;;;;;
19/01/2023;02:35:50.173;3750;40.38;20;;;;;
19/01/2023;02:35:50.383;3758;40.38;20;;;;;
19/01/2023;02:35:50.590;3738;40.38;20;;;;;
19/01/2023;02:35:50.798;3742;40.38;20;;;;;
19/01/2023;02:35:51.005;3734;40.38;20;;;;;
19/01/2023;02:35:51.214;3743;40.38;20;;;;;
19/01/2023;02:35:51.423;3756;40.38;20;;;;;
19/01/2023;02:35:51.630;3756;40.38;20;;;;;
19/01/2023;02:35:51.849;3738;40.38;20;;;;;
19/01/2023;02:35:52.064;3736;40.38;20;;;;;
19/01/2023;02:35:52.227;3724;40.38;20;;;;;
19/01/2023;02:35:52.430;3732;40.38;20;;;;;
19/01/2023;02:35:52.639;3713;40.38;20;;;;;
19/01/2023;02:35:52.848;3701;40.38;20;;;;;
19/01/2023;02:35:53.056;3676;40.38;20;;;;;
19/01/2023;02:35:53.262;3673;40.38;20;;;;;
19/01/2023;02:35:53.467;3684;40.38;20;;;;;
19/01/2023;02:35:53.673;3668;40.38;20;;;;;
19/01/2023;02:35:53.896;3701;40.38;20;;;;;
19/01/2023;02:35:54.094;3701;40.38;20;;;;;
19/01/2023;02:35:54.301;3677;40.38;20;;;;;
19/01/2023;02:35:54.510;3682;40.38;20;;;;;
19/01/2023;02:35:54.718;3674;40.38;20;;;;;
19/01/2023;02:35:54.926;3662;40.38;20;;;;;
19/01/2023;02:35:55.134;3666;40.38;20;;;;;
19/01/2023;02:35:55.344;3694;40.38;20;;;;;
19/01/2023;02:35:55.551;3681;40.38;20;;;;;
19/01/2023;02:35:55.767;3688;40.38;20;;;;;
19/01/2023;02:35:55.984;3690;40.38;20;;;;;
19/01/2023;02:35:56.192;3700;40.38;20;;;;;
19/01/2023;02:35:56.353;3690;40.38;20;;;;;
19/01/2023;02:35:56.561;3705;40.38;20;;;;;
19/01/2023;02:35:56.769;3707;40.38;20;;;;;
19/01/2023;02:35:56.977;3709;40.38;20;;;;;
19/01/2023;02:35:57.184;3698;40.38;20;;;;;
19/01/2023;02:35:57.392;3681;40.38;20;;;;;
19/01/2023;02:35:57.599;3675;40.38;20;;;;;
19/01/2023;02:35:57.807;3685;40.38;20;;;;;
19/01/2023;02:35:58.015;3686;40.38;20;;;;;
19/01/2023;02:35:58.219;3690;40.35;20;;;;;
19/01/2023;02:35:58.432;3683;40.35;20;;;;;
19/01/2023;02:35:58.641;3707;40.35;20;;;;;
19/01/2023;02:35:58.848;3710;40.35;20;;;;;
19/01/2023;02:35:59.057;3713;40.35;20;;;;;
19/01/2023;02:35:59.264;3694;40.35;20;;;;;
19/01/2023;02:35:59.473;3693;40.35;20;;;;;
19/01/2023;02:35:59.681;3700;40.35;20;;;;;
19/01/2023;02:35:59.889;3706;40.35;20;;;;;
