data_ora;rad;temperatura;elevazione;;;
2023-03-01 03:07:56.185;3543;40.35;45;;media;dev std
2023-03-01 03:07:56.388;3529;40.35;45;;3561,169924;37,89055147
2023-03-01 03:07:56.607;3540;40.35;45;;;
2023-03-01 03:07:56.810;3541;40.35;45;;;
2023-03-01 03:07:57.029;3542;40.35;45;;;
2023-03-01 03:07:57.232;3532;40.35;45;;;
2023-03-01 03:07:57.435;3548;40.35;45;;;
2023-03-01 03:07:57.654;3548;40.35;45;;;
2023-03-01 03:07:57.857;3534;40.35;45;;;
2023-03-01 03:07:58.060;3550;40.35;45;;;
2023-03-01 03:07:58.248;3543;40.35;45;;;
2023-03-01 03:07:58.451;3537;40.35;45;;;
2023-03-01 03:07:58.654;3562;40.35;45;;;
2023-03-01 03:07:58.873;3569;40.35;45;;;
2023-03-01 03:07:59.076;3549;40.35;45;;;
2023-03-01 03:07:59.279;3543;40.35;45;;;
2023-03-01 03:07:59.482;3548;40.35;45;;;
2023-03-01 03:07:59.685;3555;40.35;45;;;
2023-03-01 03:07:59.888;3565;40.35;45;;;
2023-03-01 03:08:00.107;3566;40.35;45;;;
2023-03-01 03:08:00.310;3541;40.35;45;;;
2023-03-01 03:08:00.529;3546;40.35;45;;;
2023-03-01 03:08:00.732;3546;40.35;45;;;
2023-03-01 03:08:00.951;3548;40.35;45;;;
2023-03-01 03:08:01.154;3530;40.35;45;;;
2023-03-01 03:08:01.357;3538;40.35;45;;;
2023-03-01 03:08:01.576;3510;40.35;45;;;
2023-03-01 03:08:01.779;3535;40.35;45;;;
2023-03-01 03:08:01.982;3521;40.35;45;;;
2023-03-01 03:08:02.169;3528;40.35;45;;;
2023-03-01 03:08:02.373;3530;40.35;45;;;
2023-03-01 03:08:02.576;3538;40.35;45;;;
2023-03-01 03:08:02.810;3546;40.35;45;;;
2023-03-01 03:08:02.997;3544;40.35;45;;;
2023-03-01 03:08:03.201;3545;40.35;45;;;
2023-03-01 03:08:03.404;3531;40.35;45;;;
2023-03-01 03:08:03.607;3554;40.35;45;;;
2023-03-01 03:08:03.810;3540;40.35;45;;;
2023-03-01 03:08:04.029;3547;40.35;45;;;
2023-03-01 03:08:04.232;3543;40.35;45;;;
2023-03-01 03:08:04.435;3545;40.35;45;;;
2023-03-01 03:08:04.654;3548;40.35;45;;;
2023-03-01 03:08:04.872;3554;40.35;45;;;
2023-03-01 03:08:05.076;3544;40.35;45;;;
2023-03-01 03:08:05.294;3538;40.35;45;;;
2023-03-01 03:08:05.497;3533;40.35;45;;;
2023-03-01 03:08:05.701;3548;40.35;45;;;
2023-03-01 03:08:05.888;3538;40.35;45;;;
2023-03-01 03:08:06.091;3555;40.35;45;;;
2023-03-01 03:08:06.294;3552;40.32;45;;;
2023-03-01 03:08:06.513;3548;40.32;45;;;
2023-03-01 03:08:06.716;3546;40.32;45;;;
2023-03-01 03:08:06.919;3534;40.32;45;;;
2023-03-01 03:08:07.107;3546;40.32;45;;;
2023-03-01 03:08:07.325;3553;40.32;45;;;
2023-03-01 03:08:07.529;3555;40.32;45;;;
2023-03-01 03:08:07.732;3540;40.32;45;;;
2023-03-01 03:08:07.950;3555;40.32;45;;;
2023-03-01 03:08:08.154;3548;40.32;45;;;
2023-03-01 03:08:08.372;3538;40.32;45;;;
2023-03-01 03:08:08.575;3540;40.32;45;;;
2023-03-01 03:08:08.794;3520;40.32;45;;;
2023-03-01 03:08:09.013;3542;40.32;45;;;
2023-03-01 03:08:09.211;3525;40.32;45;;;
2023-03-01 03:08:09.414;3541;40.32;45;;;
2023-03-01 03:08:09.633;3542;40.32;45;;;
2023-03-01 03:08:09.804;3558;40.32;45;;;
2023-03-01 03:08:10.007;3535;40.32;45;;;
2023-03-01 03:08:10.226;3544;40.32;45;;;
2023-03-01 03:08:10.429;3544;40.32;45;;;
2023-03-01 03:08:10.632;3548;40.32;45;;;
2023-03-01 03:08:10.836;3551;40.32;45;;;
2023-03-01 03:08:11.039;3531;40.32;45;;;
2023-03-01 03:08:11.242;3542;40.32;45;;;
2023-03-01 03:08:11.445;3535;40.32;45;;;
2023-03-01 03:08:11.664;3530;40.32;45;;;
2023-03-01 03:08:11.867;3534;40.32;45;;;
2023-03-01 03:08:12.085;3536;40.32;45;;;
2023-03-01 03:08:12.289;3520;40.29;45;;;
2023-03-01 03:08:12.492;3537;40.29;45;;;
2023-03-01 03:08:12.710;3536;40.29;45;;;
2023-03-01 03:08:12.929;3531;40.29;45;;;
2023-03-01 03:08:13.132;3535;40.29;45;;;
2023-03-01 03:08:13.335;3544;40.29;45;;;
2023-03-01 03:08:13.554;3526;40.29;45;;;
2023-03-01 03:08:13.757;3517;40.29;45;;;
2023-03-01 03:08:13.929;3540;40.29;45;;;
2023-03-01 03:08:14.148;3541;40.29;45;;;
2023-03-01 03:08:14.351;3534;40.29;45;;;
2023-03-01 03:08:14.554;3543;40.29;45;;;
2023-03-01 03:08:14.757;3526;40.29;45;;;
2023-03-01 03:08:14.960;3542;40.29;45;;;
2023-03-01 03:08:15.163;3536;40.29;45;;;
2023-03-01 03:08:15.367;3531;40.29;45;;;
2023-03-01 03:08:15.585;3548;40.29;45;;;
2023-03-01 03:08:15.788;3543;40.29;45;;;
2023-03-01 03:08:16.007;3547;40.29;45;;;
2023-03-01 03:08:16.210;3549;40.29;45;;;
2023-03-01 03:08:16.413;3553;40.29;45;;;
2023-03-01 03:08:16.632;3559;40.29;45;;;
2023-03-01 03:08:16.851;3563;40.29;45;;;
2023-03-01 03:08:17.054;3552;40.29;45;;;
2023-03-01 03:08:17.257;3557;40.29;45;;;
2023-03-01 03:08:17.476;3558;40.29;45;;;
2023-03-01 03:08:17.679;3564;40.29;45;;;
2023-03-01 03:08:17.851;3558;40.29;45;;;
2023-03-01 03:08:18.070;3566;40.29;45;;;
2023-03-01 03:08:18.273;3560;40.26;45;;;
2023-03-01 03:08:18.460;3556;40.26;45;;;
2023-03-01 03:08:18.679;3544;40.26;45;;;
2023-03-01 03:08:18.882;3545;40.26;45;;;
2023-03-01 03:08:19.101;3554;40.26;45;;;
2023-03-01 03:08:19.304;3555;40.26;45;;;
2023-03-01 03:08:19.507;3545;40.26;45;;;
2023-03-01 03:08:19.710;3564;40.26;45;;;
2023-03-01 03:08:19.929;3543;40.26;45;;;
2023-03-01 03:08:20.132;3542;40.26;45;;;
2023-03-01 03:08:20.335;3528;40.26;45;;;
2023-03-01 03:08:20.554;3541;40.26;45;;;
2023-03-01 03:08:20.773;3559;40.26;45;;;
2023-03-01 03:08:20.976;3554;40.26;45;;;
2023-03-01 03:08:21.194;3546;40.26;45;;;
2023-03-01 03:08:21.398;3536;40.26;45;;;
2023-03-01 03:08:21.569;3555;40.26;45;;;
2023-03-01 03:08:21.788;3535;40.26;45;;;
2023-03-01 03:08:21.976;3550;40.26;45;;;
2023-03-01 03:08:22.179;3531;40.26;45;;;
2023-03-01 03:08:22.382;3567;40.26;45;;;
2023-03-01 03:08:22.601;3544;40.26;45;;;
2023-03-01 03:08:22.804;3557;40.26;45;;;
2023-03-01 03:08:23.007;3542;40.26;45;;;
2023-03-01 03:08:23.226;3551;40.26;45;;;
2023-03-01 03:08:23.429;3571;40.26;45;;;
2023-03-01 03:08:23.632;3547;40.26;45;;;
2023-03-01 03:08:23.851;3553;40.26;45;;;
2023-03-01 03:08:24.054;3549;40.26;45;;;
2023-03-01 03:08:24.257;3559;40.26;45;;;
2023-03-01 03:08:24.476;3555;40.26;45;;;
2023-03-01 03:08:24.679;3534;40.26;45;;;
2023-03-01 03:08:24.913;3547;40.26;45;;;
2023-03-01 03:08:25.116;3550;40.22;45;;;
2023-03-01 03:08:25.319;3550;40.22;45;;;
2023-03-01 03:08:25.491;3540;40.22;45;;;
2023-03-01 03:08:25.694;3558;40.22;45;;;
2023-03-01 03:08:25.897;3554;40.22;45;;;
2023-03-01 03:08:26.100;3541;40.22;45;;;
2023-03-01 03:08:26.319;3547;40.22;45;;;
2023-03-01 03:08:26.522;3554;40.22;45;;;
2023-03-01 03:08:26.725;3539;40.22;45;;;
2023-03-01 03:08:26.944;3538;40.22;45;;;
2023-03-01 03:08:27.147;3533;40.22;45;;;
2023-03-01 03:08:27.350;3554;40.22;45;;;
2023-03-01 03:08:27.569;3562;40.22;45;;;
2023-03-01 03:08:27.772;3547;40.22;45;;;
2023-03-01 03:08:27.975;3548;40.22;45;;;
2023-03-01 03:08:28.194;3549;40.22;45;;;
2023-03-01 03:08:28.397;3565;40.22;45;;;
2023-03-01 03:08:28.600;3561;40.22;45;;;
2023-03-01 03:08:28.803;3557;40.22;45;;;
2023-03-01 03:08:29.038;3549;40.22;45;;;
2023-03-01 03:08:29.241;3556;40.22;45;;;
2023-03-01 03:08:29.413;3552;40.22;45;;;
2023-03-01 03:08:29.616;3550;40.22;45;;;
2023-03-01 03:08:29.819;3550;40.22;45;;;
2023-03-01 03:08:30.038;3549;40.22;45;;;
2023-03-01 03:08:30.241;3550;40.22;45;;;
2023-03-01 03:08:30.444;3549;40.22;45;;;
2023-03-01 03:08:30.647;3535;40.22;45;;;
2023-03-01 03:08:30.866;3549;40.22;45;;;
2023-03-01 03:08:31.069;3555;40.22;45;;;
2023-03-01 03:08:31.272;3544;40.22;45;;;
2023-03-01 03:08:31.491;3537;40.22;45;;;
2023-03-01 03:08:31.694;3537;40.22;45;;;
2023-03-01 03:08:31.897;3537;40.22;45;;;
2023-03-01 03:08:32.116;3551;40.22;45;;;
2023-03-01 03:08:32.319;3545;40.26;45;;;
2023-03-01 03:08:32.522;3540;40.26;45;;;
2023-03-01 03:08:32.741;3545;40.26;45;;;
2023-03-01 03:08:32.944;3543;40.26;45;;;
2023-03-01 03:08:33.163;3547;40.26;45;;;
2023-03-01 03:08:33.334;3541;40.26;45;;;
2023-03-01 03:08:33.538;3540;40.26;45;;;
2023-03-01 03:08:33.741;3548;40.26;45;;;
2023-03-01 03:08:33.944;3546;40.26;45;;;
2023-03-01 03:08:34.163;3533;40.26;45;;;
2023-03-01 03:08:34.366;3546;40.26;45;;;
2023-03-01 03:08:34.569;3546;40.26;45;;;
2023-03-01 03:08:34.787;3547;40.26;45;;;
2023-03-01 03:08:34.991;3533;40.26;45;;;
2023-03-01 03:08:35.194;3517;40.26;45;;;
2023-03-01 03:08:35.412;3539;40.29;45;;;
2023-03-01 03:08:35.616;3542;40.26;45;;;
2023-03-01 03:08:35.819;3530;40.29;45;;;
2023-03-01 03:08:36.037;3544;40.29;45;;;
2023-03-01 03:08:36.241;3534;40.29;45;;;
2023-03-01 03:08:36.459;3545;40.29;45;;;
2023-03-01 03:08:36.662;3546;40.29;45;;;
2023-03-01 03:08:36.866;3549;40.29;45;;;
2023-03-01 03:08:37.100;3538;40.29;45;;;
2023-03-01 03:08:37.256;3533;40.29;45;;;
2023-03-01 03:08:37.459;3541;40.29;45;;;
2023-03-01 03:08:37.662;3542;40.29;45;;;
2023-03-01 03:08:37.881;3542;40.29;45;;;
2023-03-01 03:08:38.084;3548;40.29;45;;;
2023-03-01 03:08:38.287;3547;40.29;45;;;
2023-03-01 03:08:38.506;3553;40.29;45;;;
2023-03-01 03:08:38.709;3545;40.29;45;;;
2023-03-01 03:08:38.912;3530;40.29;45;;;
2023-03-01 03:08:39.115;3543;40.29;45;;;
2023-03-01 03:08:39.319;3550;40.29;45;;;
2023-03-01 03:08:39.537;3547;40.32;45;;;
2023-03-01 03:08:39.740;3553;40.32;45;;;
2023-03-01 03:08:39.959;3561;40.32;45;;;
2023-03-01 03:08:40.162;3554;40.32;45;;;
2023-03-01 03:08:40.365;3542;40.32;45;;;
2023-03-01 03:08:40.584;3555;40.32;45;;;
2023-03-01 03:08:40.787;3539;40.32;45;;;
2023-03-01 03:08:41.006;3542;40.32;45;;;
2023-03-01 03:08:41.178;3543;40.32;45;;;
2023-03-01 03:08:41.381;3541;40.32;45;;;
2023-03-01 03:08:41.584;3536;40.32;45;;;
2023-03-01 03:08:41.803;3549;40.32;45;;;
2023-03-01 03:08:42.006;3539;40.32;45;;;
2023-03-01 03:08:42.209;3556;40.32;45;;;
2023-03-01 03:08:42.428;3537;40.32;45;;;
2023-03-01 03:08:42.631;3540;40.32;45;;;
2023-03-01 03:08:42.818;3543;40.32;45;;;
2023-03-01 03:08:43.037;3534;40.32;45;;;
2023-03-01 03:08:43.240;3537;40.32;45;;;
2023-03-01 03:08:43.459;3546;40.32;45;;;
2023-03-01 03:08:43.678;3524;40.32;45;;;
2023-03-01 03:08:43.881;3523;40.32;45;;;
2023-03-01 03:08:44.084;3514;40.35;45;;;
2023-03-01 03:08:44.303;3509;40.35;45;;;
2023-03-01 03:08:44.506;3521;40.35;45;;;
2023-03-01 03:08:44.709;3509;40.35;45;;;
2023-03-01 03:08:44.928;3512;40.35;45;;;
2023-03-01 03:08:45.099;3511;40.35;45;;;
2023-03-01 03:08:45.303;3510;40.35;45;;;
2023-03-01 03:08:45.506;3514;40.35;45;;;
2023-03-01 03:08:45.724;3518;40.35;45;;;
2023-03-01 03:08:45.928;3524;40.35;45;;;
2023-03-01 03:08:46.131;3521;40.35;45;;;
2023-03-01 03:08:46.349;3535;40.35;45;;;
2023-03-01 03:08:46.537;3528;40.35;45;;;
2023-03-01 03:08:46.756;3531;40.35;45;;;
2023-03-01 03:08:46.959;3534;40.35;45;;;
2023-03-01 03:08:47.162;3549;40.35;45;;;
2023-03-01 03:08:47.381;3545;40.35;45;;;
2023-03-01 03:08:47.599;3546;40.35;45;;;
2023-03-01 03:08:47.802;3550;40.35;45;;;
2023-03-01 03:08:48.006;3541;40.35;45;;;
2023-03-01 03:08:48.224;3552;40.35;45;;;
2023-03-01 03:08:48.427;3561;40.38;45;;;
2023-03-01 03:08:48.631;3562;40.35;45;;;
2023-03-01 03:08:48.849;3553;40.38;45;;;
2023-03-01 03:08:49.021;3540;40.38;45;;;
2023-03-01 03:08:49.224;3558;40.38;45;;;
2023-03-01 03:08:49.443;3560;40.38;45;;;
2023-03-01 03:08:49.646;3563;40.38;45;;;
2023-03-01 03:08:49.849;3558;40.38;45;;;
2023-03-01 03:08:50.052;3554;40.38;45;;;
2023-03-01 03:08:50.255;3548;40.38;45;;;
2023-03-01 03:08:50.459;3556;40.38;45;;;
2023-03-01 03:08:50.662;3556;40.38;45;;;
2023-03-01 03:08:50.880;3560;40.38;45;;;
2023-03-01 03:08:51.084;3545;40.38;45;;;
2023-03-01 03:08:51.302;3551;40.38;45;;;
2023-03-01 03:08:51.505;3558;40.38;45;;;
2023-03-01 03:08:51.724;3571;40.38;45;;;
2023-03-01 03:08:51.927;3547;40.38;45;;;
2023-03-01 03:08:52.146;3559;40.38;45;;;
2023-03-01 03:08:52.349;3574;40.38;45;;;
2023-03-01 03:08:52.552;3557;40.38;45;;;
2023-03-01 03:08:52.771;3558;40.38;45;;;
2023-03-01 03:08:52.943;3569;40.38;45;;;
2023-03-01 03:08:53.146;3551;40.38;45;;;
2023-03-01 03:08:53.365;3549;40.38;45;;;
2023-03-01 03:08:53.568;3557;40.38;45;;;
2023-03-01 03:08:53.771;3563;40.38;45;;;
2023-03-01 03:08:53.974;3571;40.38;45;;;
2023-03-01 03:08:54.177;3573;40.38;45;;;
2023-03-01 03:08:54.380;3561;40.38;45;;;
2023-03-01 03:08:54.599;3579;40.38;45;;;
2023-03-01 03:08:54.802;3564;40.38;45;;;
2023-03-01 03:08:55.005;3577;40.38;45;;;
2023-03-01 03:08:55.224;3569;40.38;45;;;
2023-03-01 03:08:55.427;3574;40.38;45;;;
2023-03-01 03:08:55.646;3573;40.38;45;;;
2023-03-01 03:08:55.865;3582;40.38;45;;;
2023-03-01 03:08:56.068;3587;40.38;45;;;
2023-03-01 03:08:56.271;3576;40.38;45;;;
2023-03-01 03:08:56.474;3581;40.38;45;;;
2023-03-01 03:08:56.693;3582;40.38;45;;;
2023-03-01 03:08:56.865;3577;40.38;45;;;
2023-03-01 03:08:57.068;3579;40.38;45;;;
2023-03-01 03:08:57.286;3581;40.38;45;;;
2023-03-01 03:08:57.490;3598;40.38;45;;;
2023-03-01 03:08:57.693;3578;40.38;45;;;
2023-03-01 03:08:57.911;3587;40.35;45;;;
2023-03-01 03:08:58.099;3604;40.35;45;;;
2023-03-01 03:08:58.302;3597;40.35;45;;;
2023-03-01 03:08:58.521;3593;40.35;45;;;
2023-03-01 03:08:58.724;3591;40.35;45;;;
2023-03-01 03:08:58.927;3582;40.35;45;;;
2023-03-01 03:08:59.146;3588;40.35;45;;;
2023-03-01 03:08:59.349;3576;40.35;45;;;
2023-03-01 03:08:59.552;3592;40.35;45;;;
2023-03-01 03:08:59.771;3594;40.35;45;;;
2023-03-01 03:08:59.989;3571;40.35;45;;;
2023-03-01 03:09:00.192;3603;40.35;45;;;
2023-03-01 03:09:00.411;3580;40.35;45;;;
2023-03-01 03:09:00.614;3586;40.35;45;;;
2023-03-01 03:09:00.818;3572;40.35;45;;;
2023-03-01 03:09:00.989;3597;40.35;45;;;
2023-03-01 03:09:01.208;3605;40.35;45;;;
2023-03-01 03:09:01.411;3573;40.35;45;;;
2023-03-01 03:09:01.599;3586;40.35;45;;;
2023-03-01 03:09:01.817;3592;40.35;45;;;
2023-03-01 03:09:02.021;3599;40.35;45;;;
2023-03-01 03:09:02.224;3601;40.35;45;;;
2023-03-01 03:09:02.442;3597;40.35;45;;;
2023-03-01 03:09:02.646;3589;40.35;45;;;
2023-03-01 03:09:02.849;3600;40.35;45;;;
2023-03-01 03:09:03.067;3596;40.35;45;;;
2023-03-01 03:09:03.270;3601;40.35;45;;;
2023-03-01 03:09:03.474;3581;40.35;45;;;
2023-03-01 03:09:03.692;3588;40.35;45;;;
2023-03-01 03:09:03.911;3585;40.35;45;;;
2023-03-01 03:09:04.114;3584;40.32;45;;;
2023-03-01 03:09:04.333;3597;40.32;45;;;
2023-03-01 03:09:04.536;3591;40.32;45;;;
2023-03-01 03:09:04.755;3590;40.32;45;;;
2023-03-01 03:09:04.927;3596;40.32;45;;;
2023-03-01 03:09:05.130;3577;40.32;45;;;
2023-03-01 03:09:05.317;3587;40.32;45;;;
2023-03-01 03:09:05.536;3588;40.32;45;;;
2023-03-01 03:09:05.739;3586;40.32;45;;;
2023-03-01 03:09:05.942;3581;40.32;45;;;
2023-03-01 03:09:06.161;3566;40.32;45;;;
2023-03-01 03:09:06.364;3579;40.32;45;;;
2023-03-01 03:09:06.567;3585;40.32;45;;;
2023-03-01 03:09:06.770;3587;40.32;45;;;
2023-03-01 03:09:06.989;3579;40.32;45;;;
2023-03-01 03:09:07.192;3586;40.32;45;;;
2023-03-01 03:09:07.411;3567;40.32;45;;;
2023-03-01 03:09:07.614;3577;40.32;45;;;
2023-03-01 03:09:07.817;3582;40.32;45;;;
2023-03-01 03:09:08.036;3573;40.32;45;;;
2023-03-01 03:09:08.255;3586;40.32;45;;;
2023-03-01 03:09:08.458;3566;40.32;45;;;
2023-03-01 03:09:08.661;3570;40.32;45;;;
2023-03-01 03:09:08.833;3574;40.32;45;;;
2023-03-01 03:09:09.036;3579;40.32;45;;;
2023-03-01 03:09:09.249;3573;40.32;45;;;
2023-03-01 03:09:09.452;3583;40.32;45;;;
2023-03-01 03:09:09.655;3598;40.32;45;;;
2023-03-01 03:09:09.874;3565;40.32;45;;;
2023-03-01 03:09:10.077;3573;40.32;45;;;
2023-03-01 03:09:10.280;3574;40.32;45;;;
2023-03-01 03:09:10.499;3591;40.32;45;;;
2023-03-01 03:09:10.702;3588;40.32;45;;;
2023-03-01 03:09:10.905;3587;40.32;45;;;
2023-03-01 03:09:11.124;3582;40.32;45;;;
2023-03-01 03:09:11.327;3582;40.32;45;;;
2023-03-01 03:09:11.530;3605;40.32;45;;;
2023-03-01 03:09:11.749;3593;40.32;45;;;
2023-03-01 03:09:11.952;3597;40.29;45;;;
2023-03-01 03:09:12.171;3587;40.29;45;;;
2023-03-01 03:09:12.374;3585;40.29;45;;;
2023-03-01 03:09:12.593;3600;40.29;45;;;
2023-03-01 03:09:12.749;3590;40.29;45;;;
2023-03-01 03:09:12.952;3608;40.29;45;;;
2023-03-01 03:09:13.171;3582;40.29;45;;;
2023-03-01 03:09:13.390;3576;40.29;45;;;
2023-03-01 03:09:13.577;3579;40.29;45;;;
2023-03-01 03:09:13.796;3584;40.29;45;;;
2023-03-01 03:09:13.999;3589;40.29;45;;;
2023-03-01 03:09:14.202;3580;40.29;45;;;
2023-03-01 03:09:14.421;3581;40.29;45;;;
2023-03-01 03:09:14.624;3570;40.29;45;;;
2023-03-01 03:09:14.827;3580;40.29;45;;;
2023-03-01 03:09:15.046;3586;40.29;45;;;
2023-03-01 03:09:15.249;3577;40.29;45;;;
2023-03-01 03:09:15.468;3588;40.29;45;;;
2023-03-01 03:09:15.671;3594;40.29;45;;;
2023-03-01 03:09:15.874;3600;40.29;45;;;
2023-03-01 03:09:16.077;3575;40.29;45;;;
2023-03-01 03:09:16.296;3575;40.29;45;;;
2023-03-01 03:09:16.514;3579;40.29;45;;;
2023-03-01 03:09:16.671;3578;40.29;45;;;
2023-03-01 03:09:16.889;3579;40.29;45;;;
2023-03-01 03:09:17.092;3589;40.26;45;;;
2023-03-01 03:09:17.296;3590;40.26;45;;;
2023-03-01 03:09:17.514;3579;40.26;45;;;
2023-03-01 03:09:17.717;3575;40.26;45;;;
2023-03-01 03:09:17.921;3599;40.26;45;;;
2023-03-01 03:09:18.139;3592;40.26;45;;;
2023-03-01 03:09:18.327;3586;40.26;45;;;
2023-03-01 03:09:18.530;3600;40.26;45;;;
2023-03-01 03:09:18.749;3589;40.26;45;;;
2023-03-01 03:09:18.967;3600;40.26;45;;;
2023-03-01 03:09:19.170;3599;40.26;45;;;
2023-03-01 03:09:19.374;3586;40.26;45;;;
2023-03-01 03:09:19.592;3592;40.26;45;;;
2023-03-01 03:09:19.795;3581;40.26;45;;;
2023-03-01 03:09:20.014;3591;40.26;45;;;
2023-03-01 03:09:20.202;3595;40.26;45;;;
2023-03-01 03:09:20.436;3575;40.26;45;;;
2023-03-01 03:09:20.592;3585;40.26;45;;;
2023-03-01 03:09:20.811;3579;40.26;45;;;
2023-03-01 03:09:21.014;3584;40.26;45;;;
2023-03-01 03:09:21.217;3589;40.26;45;;;
2023-03-01 03:09:21.436;3599;40.26;45;;;
2023-03-01 03:09:21.639;3582;40.26;45;;;
2023-03-01 03:09:21.842;3609;40.26;45;;;
2023-03-01 03:09:22.045;3592;40.26;45;;;
2023-03-01 03:09:22.248;3612;40.26;45;;;
2023-03-01 03:09:22.452;3602;40.26;45;;;
2023-03-01 03:09:22.670;3605;40.26;45;;;
2023-03-01 03:09:22.889;3600;40.26;45;;;
2023-03-01 03:09:23.092;3595;40.26;45;;;
2023-03-01 03:09:23.311;3577;40.26;45;;;
2023-03-01 03:09:23.514;3588;40.26;45;;;
2023-03-01 03:09:23.717;3585;40.26;45;;;
2023-03-01 03:09:23.920;3570;40.22;45;;;
2023-03-01 03:09:24.139;3592;40.22;45;;;
2023-03-01 03:09:24.342;3572;40.22;45;;;
2023-03-01 03:09:24.514;3582;40.22;45;;;
2023-03-01 03:09:24.733;3586;40.22;45;;;
2023-03-01 03:09:24.936;3585;40.22;45;;;
2023-03-01 03:09:25.139;3566;40.22;45;;;
2023-03-01 03:09:25.358;3586;40.22;45;;;
2023-03-01 03:09:25.561;3561;40.22;45;;;
2023-03-01 03:09:25.764;3589;40.22;45;;;
2023-03-01 03:09:25.967;3585;40.22;45;;;
2023-03-01 03:09:26.170;3587;40.22;45;;;
2023-03-01 03:09:26.373;3597;40.22;45;;;
2023-03-01 03:09:26.592;3579;40.22;45;;;
2023-03-01 03:09:26.795;3582;40.22;45;;;
2023-03-01 03:09:27.014;3590;40.22;45;;;
2023-03-01 03:09:27.233;3588;40.22;45;;;
2023-03-01 03:09:27.436;3587;40.22;45;;;
2023-03-01 03:09:27.639;3585;40.22;45;;;
2023-03-01 03:09:27.858;3594;40.22;45;;;
2023-03-01 03:09:28.061;3605;40.22;45;;;
2023-03-01 03:09:28.264;3588;40.22;45;;;
2023-03-01 03:09:28.451;3580;40.22;45;;;
2023-03-01 03:09:28.654;3609;40.22;45;;;
2023-03-01 03:09:28.857;3581;40.22;45;;;
2023-03-01 03:09:29.061;3598;40.22;45;;;
2023-03-01 03:09:29.279;3604;40.22;45;;;
2023-03-01 03:09:29.482;3594;40.22;45;;;
2023-03-01 03:09:29.686;3589;40.22;45;;;
2023-03-01 03:09:29.889;3581;40.22;45;;;
2023-03-01 03:09:30.092;3588;40.22;45;;;
2023-03-01 03:09:30.295;3599;40.22;45;;;
2023-03-01 03:09:30.514;3594;40.26;45;;;
2023-03-01 03:09:30.717;3605;40.26;45;;;
2023-03-01 03:09:30.935;3599;40.26;45;;;
2023-03-01 03:09:31.154;3610;40.26;45;;;
2023-03-01 03:09:31.357;3594;40.26;45;;;
2023-03-01 03:09:31.576;3608;40.26;45;;;
2023-03-01 03:09:31.779;3597;40.26;45;;;
2023-03-01 03:09:31.982;3587;40.26;45;;;
2023-03-01 03:09:32.185;3596;40.26;45;;;
2023-03-01 03:09:32.373;3575;40.26;45;;;
2023-03-01 03:09:32.576;3574;40.26;45;;;
2023-03-01 03:09:32.779;3589;40.26;45;;;
2023-03-01 03:09:32.998;3584;40.26;45;;;
2023-03-01 03:09:33.217;3598;40.26;45;;;
2023-03-01 03:09:33.404;3604;40.26;45;;;
2023-03-01 03:09:33.607;3588;40.26;45;;;
2023-03-01 03:09:33.810;3600;40.26;45;;;
2023-03-01 03:09:34.013;3603;40.26;45;;;
2023-03-01 03:09:34.232;3592;40.26;45;;;
2023-03-01 03:09:34.435;3590;40.26;45;;;
2023-03-01 03:09:34.638;3597;40.26;45;;;
2023-03-01 03:09:34.857;3579;40.26;45;;;
2023-03-01 03:09:35.060;3586;40.26;45;;;
2023-03-01 03:09:35.279;3573;40.26;45;;;
2023-03-01 03:09:35.482;3585;40.26;45;;;
2023-03-01 03:09:35.701;3569;40.26;45;;;
2023-03-01 03:09:35.904;3579;40.26;45;;;
2023-03-01 03:09:36.107;3573;40.26;45;;;
2023-03-01 03:09:36.295;3587;40.26;45;;;
2023-03-01 03:09:36.498;3581;40.29;45;;;
2023-03-01 03:09:36.717;3589;40.29;45;;;
2023-03-01 03:09:36.920;3575;40.29;45;;;
2023-03-01 03:09:37.123;3579;40.29;45;;;
2023-03-01 03:09:37.310;3578;40.29;45;;;
2023-03-01 03:09:37.529;3589;40.29;45;;;
2023-03-01 03:09:37.732;3599;40.29;45;;;
2023-03-01 03:09:37.935;3575;40.29;45;;;
2023-03-01 03:09:38.154;3588;40.29;45;;;
2023-03-01 03:09:38.357;3584;40.29;45;;;
2023-03-01 03:09:38.560;3591;40.29;45;;;
2023-03-01 03:09:38.779;3594;40.29;45;;;
2023-03-01 03:09:38.982;3595;40.29;45;;;
2023-03-01 03:09:39.185;3604;40.29;45;;;
2023-03-01 03:09:39.404;3611;40.29;45;;;
2023-03-01 03:09:39.623;3592;40.29;45;;;
2023-03-01 03:09:39.826;3580;40.32;45;;;
2023-03-01 03:09:40.044;3600;40.32;45;;;
2023-03-01 03:09:40.248;3606;40.32;45;;;
2023-03-01 03:09:40.419;3600;40.32;45;;;
2023-03-01 03:09:40.623;3589;40.32;45;;;
2023-03-01 03:09:40.826;3587;40.32;45;;;
2023-03-01 03:09:41.029;3605;40.32;45;;;
2023-03-01 03:09:41.232;3607;40.32;45;;;
2023-03-01 03:09:41.451;3600;40.32;45;;;
2023-03-01 03:09:41.654;3592;40.32;45;;;
2023-03-01 03:09:41.873;3593;40.32;45;;;
2023-03-01 03:09:42.076;3615;40.32;45;;;
2023-03-01 03:09:42.279;3596;40.32;45;;;
2023-03-01 03:09:42.482;3595;40.32;45;;;
2023-03-01 03:09:42.701;3593;40.32;45;;;
2023-03-01 03:09:42.904;3582;40.35;45;;;
2023-03-01 03:09:43.107;3590;40.35;45;;;
2023-03-01 03:09:43.326;3585;40.35;45;;;
2023-03-01 03:09:43.544;3583;40.35;45;;;
2023-03-01 03:09:43.747;3591;40.35;45;;;
2023-03-01 03:09:43.966;3565;40.35;45;;;
2023-03-01 03:09:44.169;3559;40.35;45;;;
2023-03-01 03:09:44.341;3556;40.35;45;;;
2023-03-01 03:09:44.544;3578;40.35;45;;;
2023-03-01 03:09:44.747;3585;40.35;45;;;
2023-03-01 03:09:44.950;3558;40.35;45;;;
2023-03-01 03:09:45.169;3574;40.35;45;;;
2023-03-01 03:09:45.372;3559;40.35;45;;;
2023-03-01 03:09:45.575;3556;40.35;45;;;
2023-03-01 03:09:45.779;3567;40.35;45;;;
2023-03-01 03:09:45.997;3554;40.35;45;;;
2023-03-01 03:09:46.200;3560;40.35;45;;;
2023-03-01 03:09:46.419;3553;40.35;45;;;
2023-03-01 03:09:46.622;3550;40.35;45;;;
2023-03-01 03:09:46.825;3557;40.35;45;;;
2023-03-01 03:09:47.029;3561;40.35;45;;;
2023-03-01 03:09:47.247;3556;40.35;45;;;
2023-03-01 03:09:47.466;3566;40.35;45;;;
2023-03-01 03:09:47.669;3543;40.35;45;;;
2023-03-01 03:09:47.888;3541;40.35;45;;;
2023-03-01 03:09:48.091;3546;40.35;45;;;
2023-03-01 03:09:48.263;3537;40.38;45;;;
2023-03-01 03:09:48.466;3536;40.38;45;;;
2023-03-01 03:09:48.669;3551;40.38;45;;;
2023-03-01 03:09:48.872;3548;40.38;45;;;
2023-03-01 03:09:49.075;3541;40.38;45;;;
2023-03-01 03:09:49.294;3534;40.38;45;;;
2023-03-01 03:09:49.497;3540;40.38;45;;;
2023-03-01 03:09:49.716;3542;40.38;45;;;
2023-03-01 03:09:49.919;3543;40.38;45;;;
2023-03-01 03:09:50.122;3536;40.38;45;;;
2023-03-01 03:09:50.341;3543;40.38;45;;;
2023-03-01 03:09:50.544;3542;40.38;45;;;
2023-03-01 03:09:50.747;3548;40.38;45;;;
2023-03-01 03:09:50.950;3542;40.35;45;;;
2023-03-01 03:09:51.169;3562;40.35;45;;;
2023-03-01 03:09:51.372;3564;40.35;45;;;
2023-03-01 03:09:51.591;3562;40.35;45;;;
2023-03-01 03:09:51.809;3558;40.35;45;;;
2023-03-01 03:09:52.013;3549;40.35;45;;;
2023-03-01 03:09:52.184;3567;40.35;45;;;
2023-03-01 03:09:52.388;3564;40.35;45;;;
2023-03-01 03:09:52.591;3550;40.35;45;;;
2023-03-01 03:09:52.809;3564;40.35;45;;;
2023-03-01 03:09:53.013;3547;40.35;45;;;
2023-03-01 03:09:53.216;3552;40.35;45;;;
2023-03-01 03:09:53.434;3568;40.35;45;;;
2023-03-01 03:09:53.638;3560;40.35;45;;;
2023-03-01 03:09:53.841;3569;40.35;45;;;
2023-03-01 03:09:54.044;3553;40.35;45;;;
2023-03-01 03:09:54.262;3578;40.35;45;;;
2023-03-01 03:09:54.466;3570;40.35;45;;;
2023-03-01 03:09:54.669;3551;40.38;45;;;
2023-03-01 03:09:54.887;3570;40.35;45;;;
2023-03-01 03:09:55.091;3577;40.38;45;;;
2023-03-01 03:09:55.294;3562;40.38;45;;;
2023-03-01 03:09:55.512;3577;40.38;45;;;
2023-03-01 03:09:55.731;3568;40.35;45;;;
2023-03-01 03:09:55.934;3561;40.38;45;;;
2023-03-01 03:09:56.091;3560;40.38;45;;;
2023-03-01 03:09:56.309;3553;40.35;45;;;
2023-03-01 03:09:56.512;3557;40.35;45;;;
2023-03-01 03:09:56.716;3565;40.35;45;;;
2023-03-01 03:09:56.934;3572;40.35;45;;;
2023-03-01 03:09:57.137;3572;40.35;45;;;
2023-03-01 03:09:57.341;3574;40.35;45;;;
2023-03-01 03:09:57.559;3579;40.35;45;;;
2023-03-01 03:09:57.762;3581;40.35;45;;;
2023-03-01 03:09:57.965;3582;40.35;45;;;
2023-03-01 03:09:58.184;3569;40.35;45;;;
2023-03-01 03:09:58.387;3584;40.35;45;;;
2023-03-01 03:09:58.590;3588;40.35;45;;;
2023-03-01 03:09:58.809;3590;40.35;45;;;
2023-03-01 03:09:59.012;3593;40.35;45;;;
2023-03-01 03:09:59.215;3595;40.35;45;;;
2023-03-01 03:09:59.434;3605;40.35;45;;;
2023-03-01 03:09:59.653;3588;40.35;45;;;
2023-03-01 03:09:59.856;3591;40.38;45;;;
2023-03-01 03:10:00.028;3586;40.35;45;;;
2023-03-01 03:10:00.231;3595;40.35;45;;;
2023-03-01 03:10:00.434;3586;40.35;45;;;
2023-03-01 03:10:00.653;3580;40.35;45;;;
2023-03-01 03:10:00.856;3580;40.35;45;;;
2023-03-01 03:10:01.059;3579;40.35;45;;;
2023-03-01 03:10:01.278;3579;40.35;45;;;
2023-03-01 03:10:01.481;3582;40.35;45;;;
2023-03-01 03:10:01.668;3583;40.35;45;;;
2023-03-01 03:10:01.887;3568;40.35;45;;;
2023-03-01 03:10:02.106;3569;40.35;45;;;
2023-03-01 03:10:02.309;3572;40.35;45;;;
2023-03-01 03:10:02.512;3568;40.35;45;;;
2023-03-01 03:10:02.731;3564;40.35;45;;;
2023-03-01 03:10:02.934;3575;40.35;45;;;
2023-03-01 03:10:03.137;3570;40.35;45;;;
2023-03-01 03:10:03.356;3581;40.35;45;;;
2023-03-01 03:10:03.575;3576;40.35;45;;;
2023-03-01 03:10:03.731;3576;40.35;45;;;
2023-03-01 03:10:03.950;3570;40.35;45;;;
2023-03-01 03:10:04.153;3578;40.35;45;;;
2023-03-01 03:10:04.356;3562;40.35;45;;;
2023-03-01 03:10:04.574;3566;40.35;45;;;
2023-03-01 03:10:04.778;3571;40.35;45;;;
2023-03-01 03:10:04.981;3564;40.32;45;;;
2023-03-01 03:10:05.184;3569;40.32;45;;;
2023-03-01 03:10:05.387;3562;40.32;45;;;
2023-03-01 03:10:05.590;3574;40.32;45;;;
2023-03-01 03:10:05.809;3550;40.32;45;;;
2023-03-01 03:10:06.028;3576;40.32;45;;;
2023-03-01 03:10:06.231;3560;40.32;45;;;
2023-03-01 03:10:06.449;3549;40.32;45;;;
2023-03-01 03:10:06.653;3554;40.32;45;;;
2023-03-01 03:10:06.856;3559;40.32;45;;;
2023-03-01 03:10:07.074;3561;40.32;45;;;
2023-03-01 03:10:07.277;3563;40.32;45;;;
2023-03-01 03:10:07.481;3570;40.32;45;;;
2023-03-01 03:10:07.653;3563;40.32;45;;;
2023-03-01 03:10:07.871;3568;40.32;45;;;
2023-03-01 03:10:08.074;3566;40.32;45;;;
2023-03-01 03:10:08.277;3556;40.32;45;;;
2023-03-01 03:10:08.512;3565;40.32;45;;;
2023-03-01 03:10:08.699;3576;40.32;45;;;
2023-03-01 03:10:08.902;3561;40.32;45;;;
2023-03-01 03:10:09.100;3574;40.32;45;;;
2023-03-01 03:10:09.319;3556;40.32;45;;;
2023-03-01 03:10:09.522;3575;40.29;45;;;
2023-03-01 03:10:09.725;3564;40.32;45;;;
2023-03-01 03:10:09.944;3564;40.32;45;;;
2023-03-01 03:10:10.162;3558;40.29;45;;;
2023-03-01 03:10:10.366;3562;40.29;45;;;
2023-03-01 03:10:10.569;3562;40.29;45;;;
2023-03-01 03:10:10.787;3587;40.29;45;;;
2023-03-01 03:10:10.991;3559;40.32;45;;;
2023-03-01 03:10:11.194;3563;40.29;45;;;
2023-03-01 03:10:11.412;3571;40.29;45;;;
2023-03-01 03:10:11.584;3550;40.29;45;;;
2023-03-01 03:10:11.787;3571;40.29;45;;;
2023-03-01 03:10:12.006;3550;40.29;45;;;
2023-03-01 03:10:12.209;3570;40.29;45;;;
2023-03-01 03:10:12.412;3633;40.29;45;;;
2023-03-01 03:10:12.616;3630;40.29;45;;;
2023-03-01 03:10:12.819;3633;40.29;45;;;
2023-03-01 03:10:13.022;3624;40.29;45;;;
2023-03-01 03:10:13.225;3623;40.29;45;;;
2023-03-01 03:10:13.444;3588;40.29;45;;;
2023-03-01 03:10:13.647;3586;40.29;45;;;
2023-03-01 03:10:13.865;3589;40.29;45;;;
2023-03-01 03:10:14.084;3579;40.29;45;;;
2023-03-01 03:10:14.287;3590;40.29;45;;;
2023-03-01 03:10:14.490;3573;40.29;45;;;
2023-03-01 03:10:14.709;3591;40.29;45;;;
2023-03-01 03:10:14.912;3590;40.29;45;;;
2023-03-01 03:10:15.115;3597;40.29;45;;;
2023-03-01 03:10:15.334;3597;40.29;45;;;
2023-03-01 03:10:15.506;3602;40.29;45;;;
2023-03-01 03:10:15.709;3612;40.29;45;;;
2023-03-01 03:10:15.928;3605;40.29;45;;;
2023-03-01 03:10:16.131;3613;40.29;45;;;
2023-03-01 03:10:16.334;3615;40.29;45;;;
2023-03-01 03:10:16.537;3629;40.29;45;;;
2023-03-01 03:10:16.740;3606;40.29;45;;;
2023-03-01 03:10:16.943;3595;40.29;45;;;
2023-03-01 03:10:17.162;3584;40.29;45;;;
2023-03-01 03:10:17.365;3584;40.29;45;;;
2023-03-01 03:10:17.568;3550;40.29;45;;;
2023-03-01 03:10:17.772;3577;40.29;45;;;
2023-03-01 03:10:17.990;3555;40.29;45;;;
2023-03-01 03:10:18.209;3573;40.29;45;;;
2023-03-01 03:10:18.428;3574;40.29;45;;;
2023-03-01 03:10:18.631;3594;40.29;45;;;
2023-03-01 03:10:18.834;3612;40.29;45;;;
2023-03-01 03:10:19.037;3610;40.29;45;;;
2023-03-01 03:10:19.256;3610;40.29;45;;;
2023-03-01 03:10:19.428;3609;40.29;45;;;
2023-03-01 03:10:19.631;3622;40.29;45;;;
2023-03-01 03:10:19.850;3639;40.29;45;;;
2023-03-01 03:10:20.053;3635;40.29;45;;;
2023-03-01 03:10:20.256;3665;40.29;45;;;
2023-03-01 03:10:20.459;3688;40.26;45;;;
2023-03-01 03:10:20.662;3709;40.26;45;;;
2023-03-01 03:10:20.865;3715;40.26;45;;;
2023-03-01 03:10:21.084;3713;40.26;45;;;
2023-03-01 03:10:21.287;3728;40.26;45;;;
2023-03-01 03:10:21.490;3734;40.26;45;;;
2023-03-01 03:10:21.709;3751;40.26;45;;;
2023-03-01 03:10:21.912;3732;40.26;45;;;
2023-03-01 03:10:22.131;3734;40.26;45;;;
2023-03-01 03:10:22.349;3702;40.26;45;;;
2023-03-01 03:10:22.553;3688;40.26;45;;;
2023-03-01 03:10:22.756;3676;40.26;45;;;
2023-03-01 03:10:22.974;3641;40.26;45;;;
2023-03-01 03:10:23.177;3634;40.26;45;;;
2023-03-01 03:10:23.349;3615;40.26;45;;;
2023-03-01 03:10:23.553;3617;40.26;45;;;
2023-03-01 03:10:23.771;3646;40.26;45;;;
2023-03-01 03:10:23.974;3647;40.26;45;;;
2023-03-01 03:10:24.177;3655;40.26;45;;;
2023-03-01 03:10:24.381;3683;40.26;45;;;
2023-03-01 03:10:24.584;3676;40.26;45;;;
2023-03-01 03:10:24.787;3664;40.26;45;;;
2023-03-01 03:10:25.006;3666;40.26;45;;;
2023-03-01 03:10:25.209;3640;40.26;45;;;
2023-03-01 03:10:25.427;3613;40.22;45;;;
2023-03-01 03:10:25.631;3585;40.26;45;;;
2023-03-01 03:10:25.834;3575;40.26;45;;;
2023-03-01 03:10:26.052;3583;40.26;45;;;
2023-03-01 03:10:26.271;3607;40.26;45;;;
2023-03-01 03:10:26.474;3690;40.26;45;;;
2023-03-01 03:10:26.677;3790;40.22;45;;;
2023-03-01 03:10:26.896;3884;40.22;45;;;
2023-03-01 03:10:27.099;3965;40.26;45;;;
2023-03-01 03:10:27.271;3647;40.26;45;;;
2023-03-01 03:10:27.490;3656;40.26;45;;;
2023-03-01 03:10:27.693;3670;40.26;45;;;
2023-03-01 03:10:27.896;3641;40.26;45;;;
2023-03-01 03:10:28.099;3624;40.26;45;;;
2023-03-01 03:10:28.318;3611;40.26;45;;;
2023-03-01 03:10:28.505;3596;40.26;45;;;
2023-03-01 03:10:28.709;3593;40.26;45;;;
2023-03-01 03:10:28.927;3583;40.26;45;;;
2023-03-01 03:10:29.130;3572;40.26;45;;;
2023-03-01 03:10:29.333;3560;40.26;45;;;
2023-03-01 03:10:29.552;3554;40.26;45;;;
2023-03-01 03:10:29.755;3559;40.22;45;;;
2023-03-01 03:10:29.958;3544;40.26;45;;;
2023-03-01 03:10:30.177;3529;40.22;45;;;
2023-03-01 03:10:30.396;3543;40.26;45;;;
2023-03-01 03:10:30.599;3553;40.26;45;;;
2023-03-01 03:10:30.818;3558;40.26;45;;;
2023-03-01 03:10:31.021;3534;40.26;45;;;
2023-03-01 03:10:31.193;3547;40.26;45;;;
2023-03-01 03:10:31.411;3547;40.26;45;;;
2023-03-01 03:10:31.615;3542;40.26;45;;;
2023-03-01 03:10:31.802;3566;40.26;45;;;
2023-03-01 03:10:32.021;3577;40.26;45;;;
2023-03-01 03:10:32.224;3562;40.26;45;;;
2023-03-01 03:10:32.427;3567;40.26;45;;;
2023-03-01 03:10:32.646;3582;40.26;45;;;
2023-03-01 03:10:32.849;3565;40.26;45;;;
2023-03-01 03:10:33.052;3563;40.26;45;;;
2023-03-01 03:10:33.271;3556;40.26;45;;;
2023-03-01 03:10:33.474;3571;40.26;45;;;
2023-03-01 03:10:33.677;3561;40.26;45;;;
2023-03-01 03:10:33.896;3568;40.26;45;;;
2023-03-01 03:10:34.099;3558;40.26;45;;;
2023-03-01 03:10:34.318;3559;40.26;45;;;
2023-03-01 03:10:34.536;3554;40.26;45;;;
2023-03-01 03:10:34.739;3555;40.26;45;;;
2023-03-01 03:10:34.958;3548;40.26;45;;;
2023-03-01 03:10:35.114;3562;40.26;45;;;
2023-03-01 03:10:35.318;3549;40.26;45;;;
2023-03-01 03:10:35.521;3542;40.26;45;;;
2023-03-01 03:10:35.724;3556;40.26;45;;;
2023-03-01 03:10:35.942;3557;40.26;45;;;
2023-03-01 03:10:36.146;3538;40.26;45;;;
2023-03-01 03:10:36.364;3566;40.26;45;;;
2023-03-01 03:10:36.567;3540;40.26;45;;;
2023-03-01 03:10:36.771;3555;40.26;45;;;
2023-03-01 03:10:36.974;3554;40.29;45;;;
2023-03-01 03:10:37.192;3571;40.29;45;;;
2023-03-01 03:10:37.396;3566;40.29;45;;;
2023-03-01 03:10:37.599;3568;40.29;45;;;
2023-03-01 03:10:37.817;3560;40.29;45;;;
2023-03-01 03:10:38.021;3546;40.29;45;;;
2023-03-01 03:10:38.224;3557;40.29;45;;;
2023-03-01 03:10:38.442;3565;40.29;45;;;
2023-03-01 03:10:38.661;3550;40.29;45;;;
2023-03-01 03:10:38.864;3561;40.29;45;;;
2023-03-01 03:10:39.036;3547;40.29;45;;;
2023-03-01 03:10:39.239;3543;40.29;45;;;
2023-03-01 03:10:39.442;3558;40.29;45;;;
2023-03-01 03:10:39.645;3557;40.29;45;;;
2023-03-01 03:10:39.864;3557;40.29;45;;;
2023-03-01 03:10:40.067;3571;40.29;45;;;
2023-03-01 03:10:40.270;3577;40.29;45;;;
2023-03-01 03:10:40.489;3587;40.29;45;;;
2023-03-01 03:10:40.692;3592;40.29;45;;;
2023-03-01 03:10:40.895;3590;40.29;45;;;
2023-03-01 03:10:41.114;3610;40.29;45;;;
2023-03-01 03:10:41.317;3619;40.29;45;;;
2023-03-01 03:10:41.520;3601;40.29;45;;;
2023-03-01 03:10:41.739;3617;40.29;45;;;
2023-03-01 03:10:41.942;3585;40.29;45;;;
2023-03-01 03:10:42.161;3592;40.29;45;;;
2023-03-01 03:10:42.364;3573;40.29;45;;;
2023-03-01 03:10:42.583;3580;40.29;45;;;
2023-03-01 03:10:42.802;3587;40.29;45;;;
2023-03-01 03:10:42.958;3570;40.29;45;;;
2023-03-01 03:10:43.161;3562;40.29;45;;;
2023-03-01 03:10:43.364;3570;40.29;45;;;
2023-03-01 03:10:43.583;3562;40.29;45;;;
2023-03-01 03:10:43.786;3569;40.29;45;;;
2023-03-01 03:10:43.989;3553;40.29;45;;;
2023-03-01 03:10:44.208;3567;40.29;45;;;
2023-03-01 03:10:44.411;3559;40.29;45;;;
2023-03-01 03:10:44.614;3551;40.29;45;;;
2023-03-01 03:10:44.817;3550;40.29;45;;;
2023-03-01 03:10:45.036;3545;40.29;45;;;
2023-03-01 03:10:45.239;3548;40.29;45;;;
2023-03-01 03:10:45.442;3553;40.29;45;;;
2023-03-01 03:10:45.661;3553;40.29;45;;;
2023-03-01 03:10:45.864;3536;40.29;45;;;
2023-03-01 03:10:46.067;3560;40.32;45;;;
2023-03-01 03:10:46.286;3556;40.29;45;;;
2023-03-01 03:10:46.504;3548;40.32;45;;;
2023-03-01 03:10:46.708;3557;40.32;45;;;
2023-03-01 03:10:46.879;3554;40.32;45;;;
2023-03-01 03:10:47.083;3555;40.32;45;;;
2023-03-01 03:10:47.301;3544;40.32;45;;;
2023-03-01 03:10:47.504;3558;40.32;45;;;
2023-03-01 03:10:47.708;3551;40.32;45;;;
2023-03-01 03:10:47.911;3564;40.32;45;;;
2023-03-01 03:10:48.129;3595;40.32;45;;;
2023-03-01 03:10:48.333;3567;40.32;45;;;
2023-03-01 03:10:48.536;3585;40.32;45;;;
2023-03-01 03:10:48.739;3553;40.32;45;;;
2023-03-01 03:10:48.957;3557;40.32;45;;;
2023-03-01 03:10:49.161;3550;40.32;45;;;
2023-03-01 03:10:49.379;3545;40.32;45;;;
2023-03-01 03:10:49.582;3538;40.32;45;;;
2023-03-01 03:10:49.786;3533;40.32;45;;;
2023-03-01 03:10:50.004;3526;40.32;45;;;
2023-03-01 03:10:50.207;3534;40.32;45;;;
2023-03-01 03:10:50.426;3540;40.35;45;;;
2023-03-01 03:10:50.629;3560;40.35;45;;;
2023-03-01 03:10:50.801;3547;40.35;45;;;
2023-03-01 03:10:51.004;3558;40.35;45;;;
2023-03-01 03:10:51.207;3548;40.35;45;;;
2023-03-01 03:10:51.426;3555;40.35;45;;;
2023-03-01 03:10:51.629;3535;40.35;45;;;
2023-03-01 03:10:51.832;3523;40.35;45;;;
2023-03-01 03:10:52.051;3548;40.35;45;;;
2023-03-01 03:10:52.254;3533;40.35;45;;;
2023-03-01 03:10:52.457;3530;40.35;45;;;
2023-03-01 03:10:52.660;3530;40.35;45;;;
2023-03-01 03:10:52.879;3535;40.35;45;;;
2023-03-01 03:10:53.098;3530;40.35;45;;;
2023-03-01 03:10:53.301;3530;40.35;45;;;
2023-03-01 03:10:53.504;3533;40.35;45;;;
2023-03-01 03:10:53.723;3539;40.35;45;;;
2023-03-01 03:10:53.926;3531;40.35;45;;;
2023-03-01 03:10:54.129;3543;40.35;45;;;
2023-03-01 03:10:54.332;3540;40.35;45;;;
2023-03-01 03:10:54.551;3527;40.35;45;;;
2023-03-01 03:10:54.723;3548;40.35;45;;;
2023-03-01 03:10:54.926;3565;40.35;45;;;
2023-03-01 03:10:55.129;3563;40.35;45;;;
2023-03-01 03:10:55.348;3580;40.35;45;;;
2023-03-01 03:10:55.551;3549;40.35;45;;;
2023-03-01 03:10:55.770;3533;40.35;45;;;
2023-03-01 03:10:55.973;3559;40.35;45;;;
2023-03-01 03:10:56.160;3571;40.35;45;;;
2023-03-01 03:10:56.363;3528;40.35;45;;;
2023-03-01 03:10:56.582;3552;40.35;45;;;
2023-03-01 03:10:56.801;3551;40.35;45;;;
2023-03-01 03:10:57.020;3559;40.35;45;;;
2023-03-01 03:10:57.223;3557;40.35;45;;;
2023-03-01 03:10:57.426;3589;40.35;45;;;
2023-03-01 03:10:57.629;3595;40.35;45;;;
2023-03-01 03:10:57.848;3580;40.35;45;;;
2023-03-01 03:10:58.051;3583;40.35;45;;;
2023-03-01 03:10:58.254;3615;40.35;45;;;
2023-03-01 03:10:58.473;3630;40.35;45;;;
2023-03-01 03:10:58.645;3638;40.35;45;;;
2023-03-01 03:10:58.848;3646;40.35;45;;;
2023-03-01 03:10:59.066;3637;40.35;45;;;
2023-03-01 03:10:59.270;3607;40.35;45;;;
2023-03-01 03:10:59.473;3595;40.38;45;;;
2023-03-01 03:10:59.691;3554;40.35;45;;;
2023-03-01 03:10:59.879;3572;40.35;45;;;
2023-03-01 03:11:00.082;3589;40.35;45;;;
2023-03-01 03:11:00.301;3588;40.35;45;;;
2023-03-01 03:11:00.504;3569;40.35;45;;;
2023-03-01 03:11:00.707;3565;40.38;45;;;
2023-03-01 03:11:00.926;3570;40.38;45;;;
2023-03-01 03:11:01.144;3592;40.38;45;;;
2023-03-01 03:11:01.348;3633;40.38;45;;;
2023-03-01 03:11:01.566;3632;40.38;45;;;
2023-03-01 03:11:01.769;3632;40.35;45;;;
2023-03-01 03:11:01.972;3625;40.35;45;;;
2023-03-01 03:11:02.191;3599;40.35;45;;;
2023-03-01 03:11:02.363;3601;40.35;45;;;
2023-03-01 03:11:02.566;3594;40.35;45;;;
2023-03-01 03:11:02.769;3594;40.35;45;;;
2023-03-01 03:11:02.988;3584;40.35;45;;;
2023-03-01 03:11:03.191;3568;40.35;45;;;
2023-03-01 03:11:03.394;3568;40.35;45;;;
2023-03-01 03:11:03.613;3576;40.35;45;;;
2023-03-01 03:11:03.801;3575;40.35;45;;;
2023-03-01 03:11:04.019;3582;40.35;45;;;
2023-03-01 03:11:04.222;3585;40.35;45;;;
2023-03-01 03:11:04.426;3611;40.35;45;;;
2023-03-01 03:11:04.629;3612;40.35;45;;;
2023-03-01 03:11:04.847;3591;40.35;45;;;
2023-03-01 03:11:05.066;3576;40.35;45;;;
2023-03-01 03:11:05.269;3541;40.35;45;;;
2023-03-01 03:11:05.488;3538;40.35;45;;;
2023-03-01 03:11:05.691;3528;40.35;45;;;
2023-03-01 03:11:05.894;3533;40.35;45;;;
2023-03-01 03:11:06.113;3538;40.35;45;;;
2023-03-01 03:11:06.285;3528;40.35;45;;;
2023-03-01 03:11:06.488;3534;40.35;45;;;
2023-03-01 03:11:06.707;3529;40.35;45;;;
2023-03-01 03:11:06.910;3556;40.32;45;;;
2023-03-01 03:11:07.113;3549;40.32;45;;;
2023-03-01 03:11:07.316;3562;40.32;45;;;
2023-03-01 03:11:07.519;3557;40.32;45;;;
2023-03-01 03:11:07.722;3540;40.32;45;;;
2023-03-01 03:11:07.925;3532;40.32;45;;;
2023-03-01 03:11:08.144;3544;40.32;45;;;
2023-03-01 03:11:08.347;3553;40.32;45;;;
2023-03-01 03:11:08.550;3541;40.32;45;;;
2023-03-01 03:11:08.769;3551;40.32;45;;;
2023-03-01 03:11:08.988;3564;40.32;45;;;
2023-03-01 03:11:09.201;3571;40.32;45;;;
2023-03-01 03:11:09.404;3551;40.32;45;;;
2023-03-01 03:11:09.607;3532;40.32;45;;;
2023-03-01 03:11:09.826;3530;40.32;45;;;
2023-03-01 03:11:10.029;3527;40.32;45;;;
2023-03-01 03:11:10.201;3533;40.32;45;;;
2023-03-01 03:11:10.420;3536;40.32;45;;;
2023-03-01 03:11:10.623;3551;40.32;45;;;
2023-03-01 03:11:10.826;3543;40.32;45;;;
2023-03-01 03:11:11.029;3553;40.32;45;;;
2023-03-01 03:11:11.232;3570;40.32;45;;;
2023-03-01 03:11:11.435;3539;40.32;45;;;
2023-03-01 03:11:11.654;3532;40.29;45;;;
2023-03-01 03:11:11.857;3520;40.29;45;;;
2023-03-01 03:11:12.060;3513;40.29;45;;;
2023-03-01 03:11:12.279;3506;40.29;45;;;
2023-03-01 03:11:12.482;3506;40.29;45;;;
2023-03-01 03:11:12.685;3518;40.29;45;;;
2023-03-01 03:11:12.904;3508;40.29;45;;;
2023-03-01 03:11:13.123;3517;40.29;45;;;
2023-03-01 03:11:13.326;3510;40.29;45;;;
2023-03-01 03:11:13.529;3497;40.29;45;;;
2023-03-01 03:11:13.748;3508;40.29;45;;;
2023-03-01 03:11:13.951;3497;40.29;45;;;
2023-03-01 03:11:14.138;3510;40.29;45;;;
2023-03-01 03:11:14.341;3518;40.29;45;;;
2023-03-01 03:11:14.545;3504;40.29;45;;;
2023-03-01 03:11:14.748;3498;40.29;45;;;
2023-03-01 03:11:14.951;3505;40.29;45;;;
2023-03-01 03:11:15.154;3515;40.29;45;;;
2023-03-01 03:11:15.357;3514;40.29;45;;;
2023-03-01 03:11:15.576;3518;40.29;45;;;
2023-03-01 03:11:15.779;3505;40.29;45;;;
2023-03-01 03:11:15.982;3517;40.29;45;;;
2023-03-01 03:11:16.201;3531;40.29;45;;;
2023-03-01 03:11:16.404;3518;40.26;45;;;
2023-03-01 03:11:16.607;3513;40.26;45;;;
2023-03-01 03:11:16.826;3536;40.26;45;;;
2023-03-01 03:11:17.044;3522;40.26;45;;;
2023-03-01 03:11:17.248;3505;40.26;45;;;
2023-03-01 03:11:17.466;3542;40.26;45;;;
2023-03-01 03:11:17.669;3529;40.26;45;;;
2023-03-01 03:11:17.873;3534;40.26;45;;;
2023-03-01 03:11:18.044;3515;40.26;45;;;
2023-03-01 03:11:18.263;3522;40.26;45;;;
2023-03-01 03:11:18.466;3528;40.26;45;;;
2023-03-01 03:11:18.669;3521;40.26;45;;;
2023-03-01 03:11:18.872;3534;40.26;45;;;
2023-03-01 03:11:19.076;3505;40.26;45;;;
2023-03-01 03:11:19.294;3506;40.26;45;;;
2023-03-01 03:11:19.497;3514;40.26;45;;;
2023-03-01 03:11:19.701;3511;40.26;45;;;
2023-03-01 03:11:19.904;3522;40.26;45;;;
2023-03-01 03:11:20.122;3516;40.26;45;;;
2023-03-01 03:11:20.326;3527;40.26;45;;;
2023-03-01 03:11:20.529;3534;40.26;45;;;
2023-03-01 03:11:20.748;3520;40.26;45;;;
2023-03-01 03:11:20.967;3527;40.26;45;;;
2023-03-01 03:11:21.170;3548;40.26;45;;;
2023-03-01 03:11:21.389;3526;40.26;45;;;
2023-03-01 03:11:21.592;3529;40.26;45;;;
2023-03-01 03:11:21.795;3536;40.26;45;;;
2023-03-01 03:11:21.967;3506;40.26;45;;;
2023-03-01 03:11:22.186;3520;40.22;45;;;
2023-03-01 03:11:22.389;3544;40.22;45;;;
2023-03-01 03:11:22.592;3529;40.22;45;;;
2023-03-01 03:11:22.795;3524;40.22;45;;;
2023-03-01 03:11:22.998;3531;40.22;45;;;
2023-03-01 03:11:23.201;3528;40.22;45;;;
2023-03-01 03:11:23.420;3545;40.22;45;;;
2023-03-01 03:11:23.623;3524;40.22;45;;;
2023-03-01 03:11:23.842;3530;40.22;45;;;
2023-03-01 03:11:24.045;3539;40.22;45;;;
2023-03-01 03:11:24.248;3537;40.22;45;;;
2023-03-01 03:11:24.451;3532;40.22;45;;;
2023-03-01 03:11:24.670;3534;40.22;45;;;
2023-03-01 03:11:24.889;3538;40.22;45;;;
2023-03-01 03:11:25.092;3519;40.22;45;;;
2023-03-01 03:11:25.310;3542;40.22;45;;;
2023-03-01 03:11:25.514;3539;40.22;45;;;
2023-03-01 03:11:25.717;3523;40.22;45;;;
2023-03-01 03:11:25.904;3533;40.22;45;;;
2023-03-01 03:11:26.107;3535;40.22;45;;;
2023-03-01 03:11:26.310;3534;40.22;45;;;
2023-03-01 03:11:26.514;3537;40.26;45;;;
2023-03-01 03:11:26.717;3537;40.22;45;;;
2023-03-01 03:11:26.920;3525;40.22;45;;;
2023-03-01 03:11:27.123;3537;40.22;45;;;
2023-03-01 03:11:27.342;3538;40.22;45;;;
2023-03-01 03:11:27.545;3546;40.22;45;;;
2023-03-01 03:11:27.748;3547;40.22;45;;;
2023-03-01 03:11:27.967;3553;40.22;45;;;
2023-03-01 03:11:28.170;3537;40.22;45;;;
2023-03-01 03:11:28.373;3545;40.22;45;;;
2023-03-01 03:11:28.592;3552;40.22;45;;;
2023-03-01 03:11:28.795;3551;40.22;45;;;
2023-03-01 03:11:29.013;3542;40.22;45;;;
2023-03-01 03:11:29.232;3528;40.26;45;;;
2023-03-01 03:11:29.435;3521;40.26;45;;;
2023-03-01 03:11:29.638;3522;40.26;45;;;
2023-03-01 03:11:29.826;3533;40.26;45;;;
2023-03-01 03:11:30.029;3529;40.26;45;;;
2023-03-01 03:11:30.217;3524;40.26;45;;;
2023-03-01 03:11:30.435;3536;40.26;45;;;
2023-03-01 03:11:30.638;3532;40.26;45;;;
2023-03-01 03:11:30.841;3536;40.26;45;;;
2023-03-01 03:11:31.060;3539;40.26;45;;;
2023-03-01 03:11:31.263;3536;40.26;45;;;
2023-03-01 03:11:31.466;3543;40.26;45;;;
2023-03-01 03:11:31.685;3531;40.26;45;;;
2023-03-01 03:11:31.888;3503;40.26;45;;;
2023-03-01 03:11:32.091;3534;40.26;45;;;
2023-03-01 03:11:32.310;3536;40.26;45;;;
2023-03-01 03:11:32.513;3532;40.26;45;;;
2023-03-01 03:11:32.716;3532;40.26;45;;;
2023-03-01 03:11:32.920;3517;40.26;45;;;
2023-03-01 03:11:33.154;3530;40.26;45;;;
2023-03-01 03:11:33.357;3524;40.29;45;;;
2023-03-01 03:11:33.576;3532;40.29;45;;;
2023-03-01 03:11:33.748;3537;40.29;45;;;
2023-03-01 03:11:33.935;3532;40.29;45;;;
2023-03-01 03:11:34.138;3525;40.29;45;;;
2023-03-01 03:11:34.357;3518;40.29;45;;;
2023-03-01 03:11:34.560;3524;40.29;45;;;
2023-03-01 03:11:34.779;3535;40.29;45;;;
2023-03-01 03:11:34.982;3538;40.29;45;;;
2023-03-01 03:11:35.185;3529;40.29;45;;;
2023-03-01 03:11:35.388;3515;40.29;45;;;
2023-03-01 03:11:35.607;3538;40.29;45;;;
2023-03-01 03:11:35.810;3526;40.32;45;;;
2023-03-01 03:11:36.013;3536;40.32;45;;;
2023-03-01 03:11:36.232;3538;40.32;45;;;
2023-03-01 03:11:36.435;3542;40.32;45;;;
2023-03-01 03:11:36.638;3520;40.32;45;;;
2023-03-01 03:11:36.857;3520;40.32;45;;;
2023-03-01 03:11:37.060;3528;40.32;45;;;
2023-03-01 03:11:37.279;3523;40.32;45;;;
2023-03-01 03:11:37.497;3520;40.32;45;;;
2023-03-01 03:11:37.654;3526;40.32;45;;;
2023-03-01 03:11:37.857;3537;40.32;45;;;
2023-03-01 03:11:38.075;3531;40.32;45;;;
2023-03-01 03:11:38.279;3527;40.32;45;;;
2023-03-01 03:11:38.482;3524;40.32;45;;;
2023-03-01 03:11:38.685;3540;40.32;45;;;
2023-03-01 03:11:38.919;3503;40.32;45;;;
2023-03-01 03:11:39.107;3535;40.32;45;;;
2023-03-01 03:11:39.310;3505;40.32;45;;;
2023-03-01 03:11:39.513;3511;40.32;45;;;
2023-03-01 03:11:39.732;3491;40.32;45;;;
2023-03-01 03:11:39.935;3508;40.32;45;;;
2023-03-01 03:11:40.154;3525;40.35;45;;;
2023-03-01 03:11:40.357;3510;40.35;45;;;
2023-03-01 03:11:40.560;3493;40.35;45;;;
2023-03-01 03:11:40.779;3529;40.35;45;;;
2023-03-01 03:11:40.982;3510;40.35;45;;;
2023-03-01 03:11:41.200;3507;40.35;45;;;
2023-03-01 03:11:41.419;3507;40.35;45;;;
2023-03-01 03:11:41.575;3498;40.35;45;;;
2023-03-01 03:11:41.778;3535;40.35;45;;;
2023-03-01 03:11:41.997;3523;40.35;45;;;
2023-03-01 03:11:42.200;3518;40.35;45;;;
2023-03-01 03:11:42.403;3522;40.35;45;;;
2023-03-01 03:11:42.622;3509;40.35;45;;;
2023-03-01 03:11:42.825;3502;40.35;45;;;
2023-03-01 03:11:43.028;3499;40.35;45;;;
2023-03-01 03:11:43.232;3514;40.35;45;;;
2023-03-01 03:11:43.435;3498;40.35;45;;;
2023-03-01 03:11:43.653;3516;40.35;45;;;
2023-03-01 03:11:43.872;3521;40.35;45;;;
2023-03-01 03:11:44.075;3507;40.35;45;;;
2023-03-01 03:11:44.278;3507;40.35;45;;;
2023-03-01 03:11:44.481;3519;40.35;45;;;
2023-03-01 03:11:44.700;3523;40.35;45;;;
2023-03-01 03:11:44.903;3506;40.35;45;;;
2023-03-01 03:11:45.106;3511;40.38;45;;;
2023-03-01 03:11:45.325;3521;40.38;45;;;
2023-03-01 03:11:45.497;3507;40.38;45;;;
2023-03-01 03:11:45.716;3508;40.38;45;;;
2023-03-01 03:11:45.919;3518;40.38;45;;;
2023-03-01 03:11:46.122;3516;40.38;45;;;
2023-03-01 03:11:46.325;3514;40.38;45;;;
2023-03-01 03:11:46.544;3501;40.38;45;;;
2023-03-01 03:11:46.747;3520;40.38;45;;;
2023-03-01 03:11:46.950;3508;40.38;45;;;
2023-03-01 03:11:47.153;3503;40.38;45;;;
2023-03-01 03:11:47.356;3508;40.38;45;;;
2023-03-01 03:11:47.575;3496;40.38;45;;;
2023-03-01 03:11:47.794;3505;40.38;45;;;
2023-03-01 03:11:47.997;3506;40.38;45;;;
2023-03-01 03:11:48.200;3518;40.38;45;;;
2023-03-01 03:11:48.419;3512;40.38;45;;;
2023-03-01 03:11:48.622;3524;40.38;45;;;
2023-03-01 03:11:48.825;3513;40.38;45;;;
2023-03-01 03:11:49.044;3524;40.38;45;;;
2023-03-01 03:11:49.247;3517;40.38;45;;;
2023-03-01 03:11:49.419;3516;40.38;45;;;
2023-03-01 03:11:49.637;3523;40.38;45;;;
2023-03-01 03:11:49.841;3516;40.38;45;;;
2023-03-01 03:11:50.044;3509;40.38;45;;;
2023-03-01 03:11:50.247;3530;40.38;45;;;
2023-03-01 03:11:50.466;3537;40.38;45;;;
2023-03-01 03:11:50.669;3530;40.38;45;;;
2023-03-01 03:11:50.872;3548;40.38;45;;;
2023-03-01 03:11:51.075;3537;40.38;45;;;
2023-03-01 03:11:51.278;3536;40.38;45;;;
2023-03-01 03:11:51.497;3534;40.38;45;;;
2023-03-01 03:11:51.700;3527;40.38;45;;;
2023-03-01 03:11:51.919;3531;40.38;45;;;
2023-03-01 03:11:52.137;3532;40.38;45;;;
2023-03-01 03:11:52.340;3523;40.38;45;;;
2023-03-01 03:11:52.544;3531;40.38;45;;;
2023-03-01 03:11:52.747;3525;40.38;45;;;
2023-03-01 03:11:52.965;3528;40.38;45;;;
2023-03-01 03:11:53.169;3542;40.38;45;;;
2023-03-01 03:11:53.340;3541;40.38;45;;;
2023-03-01 03:11:53.559;3539;40.38;45;;;
2023-03-01 03:11:53.762;3525;40.38;45;;;
2023-03-01 03:11:53.965;3543;40.38;45;;;
2023-03-01 03:11:54.184;3537;40.38;45;;;
2023-03-01 03:11:54.387;3546;40.38;45;;;
2023-03-01 03:11:54.590;3537;40.38;45;;;
2023-03-01 03:11:54.793;3531;40.38;45;;;
2023-03-01 03:11:54.997;3532;40.38;45;;;
2023-03-01 03:11:55.200;3532;40.38;45;;;
2023-03-01 03:11:55.403;3541;40.38;45;;;
2023-03-01 03:11:55.621;3522;40.38;45;;;
2023-03-01 03:11:55.840;3538;40.38;45;;;
2023-03-01 03:11:56.043;3535;40.38;45;;;
2023-03-01 03:11:56.262;3519;40.38;45;;;
2023-03-01 03:11:56.465;3546;40.35;45;;;
2023-03-01 03:11:56.668;3533;40.35;45;;;
2023-03-01 03:11:56.887;3527;40.35;45;;;
2023-03-01 03:11:57.090;3526;40.35;45;;;
2023-03-01 03:11:57.278;3524;40.35;45;;;
2023-03-01 03:11:57.481;3518;40.35;45;;;
2023-03-01 03:11:57.684;3521;40.35;45;;;
2023-03-01 03:11:57.887;3526;40.35;45;;;
2023-03-01 03:11:58.106;3505;40.35;45;;;
2023-03-01 03:11:58.309;3504;40.35;45;;;
2023-03-01 03:11:58.496;3520;40.35;45;;;
2023-03-01 03:11:58.715;3518;40.35;45;;;
2023-03-01 03:11:58.918;3530;40.35;45;;;
